filename,width,height,class,xmin,ymin,xmax,ymax
10.jpg,256,256,GroundNut_Leaf,92,142,141,225
10.jpg,256,256,GroundNut_Leaf,144,139,215,190
10.jpg,256,256,GroundNut_Leaf,110,82,196,132
10.jpg,256,256,GroundNut_Leaf,78,69,105,104
10.jpg,256,256,GroundNut_Leaf,215,78,242,101
100.jpg,256,256,GroundNut_Leaf,59,67,119,102
100.jpg,256,256,GroundNut_Leaf,89,151,179,187
100.jpg,256,256,GroundNut_Leaf,1,102,43,127
100.jpg,256,256,GroundNut_Leaf,57,223,97,254
100.jpg,256,256,GroundNut_Leaf,105,188,183,222
100.jpg,256,256,GroundNut_Leaf,17,159,81,210
100.jpg,256,256,GroundNut_Leaf,14,221,55,237
100.jpg,256,256,GroundNut_Leaf,15,130,46,157
100.jpg,256,256,GroundNut_Leaf,187,135,208,156
100.jpg,256,256,GroundNut_Leaf,32,51,59,90
100.jpg,256,256,GroundNut_Leaf,62,106,108,123
100.jpg,256,256,GroundNut_Leaf,1,40,29,65
100.jpg,256,256,GroundNut_Leaf,186,80,215,108
100.jpg,256,256,GroundNut_Leaf,145,123,182,138
100.jpg,256,256,GroundNut_Leaf,184,193,208,218
101.jpg,256,256,GroundNut_Leaf,29,25,83,67
101.jpg,256,256,GroundNut_Leaf,89,11,142,54
101.jpg,256,256,GroundNut_Leaf,88,59,120,137
101.jpg,256,256,GroundNut_Leaf,35,71,85,142
101.jpg,256,256,GroundNut_Leaf,131,123,178,190
101.jpg,256,256,GroundNut_Leaf,180,114,235,182
101.jpg,256,256,GroundNut_Leaf,132,101,166,121
101.jpg,256,256,GroundNut_Leaf,170,64,220,111
101.jpg,256,256,GroundNut_Leaf,169,7,212,55
101.jpg,256,256,GroundNut_Leaf,47,208,83,240
101.jpg,256,256,GroundNut_Leaf,36,166,62,187
101.jpg,256,256,GroundNut_Leaf,1,38,14,59
101.jpg,256,256,GroundNut_Leaf,237,77,248,131
101.jpg,256,256,GroundNut_Leaf,238,137,254,185
101.jpg,256,256,GroundNut_Leaf,125,57,144,80
102.jpg,256,256,GroundNut_Leaf,19,1,68,38
102.jpg,256,256,GroundNut_Leaf,1,1,17,39
102.jpg,256,256,GroundNut_Leaf,35,119,65,147
102.jpg,256,256,GroundNut_Leaf,114,95,168,164
102.jpg,256,256,GroundNut_Leaf,75,170,96,198
102.jpg,256,256,GroundNut_Leaf,5,189,18,219
102.jpg,256,256,GroundNut_Leaf,1,163,15,189
102.jpg,256,256,GroundNut_Leaf,1,53,40,76
102.jpg,256,256,GroundNut_Leaf,200,231,220,256
102.jpg,256,256,GroundNut_Leaf,232,90,251,113
102.jpg,256,256,GroundNut_Leaf,236,39,255,57
102.jpg,256,256,GroundNut_Leaf,103,173,125,201
102.jpg,256,256,GroundNut_Leaf,93,118,109,143
102.jpg,256,256,GroundNut_Leaf,87,28,101,58
102.jpg,256,256,GroundNut_Leaf,242,1,256,34
102.jpg,256,256,GroundNut_Leaf,91,145,111,165
103.jpg,256,256,GroundNut_Leaf,35,180,51,206
103.jpg,256,256,GroundNut_Leaf,35,209,56,232
103.jpg,256,256,GroundNut_Leaf,21,185,34,213
103.jpg,256,256,GroundNut_Leaf,109,78,177,113
103.jpg,256,256,GroundNut_Leaf,141,116,184,209
103.jpg,256,256,GroundNut_Leaf,185,118,221,189
103.jpg,256,256,GroundNut_Leaf,187,86,233,117
103.jpg,256,256,GroundNut_Leaf,78,190,94,209
103.jpg,256,256,GroundNut_Leaf,208,205,227,228
103.jpg,256,256,GroundNut_Leaf,203,5,255,39
103.jpg,256,256,GroundNut_Leaf,103,14,142,42
103.jpg,256,256,GroundNut_Leaf,37,1,71,26
104.jpg,256,256,GroundNut_Leaf,25,204,41,220
104.jpg,256,256,GroundNut_Leaf,20,221,37,232
104.jpg,256,256,GroundNut_Leaf,3,189,18,211
104.jpg,256,256,GroundNut_Leaf,20,183,37,204
104.jpg,256,256,GroundNut_Leaf,27,163,47,182
104.jpg,256,256,GroundNut_Leaf,125,106,153,180
104.jpg,256,256,GroundNut_Leaf,78,160,98,179
104.jpg,256,256,GroundNut_Leaf,85,112,118,130
104.jpg,256,256,GroundNut_Leaf,185,93,214,140
104.jpg,256,256,GroundNut_Leaf,62,28,96,52
104.jpg,256,256,GroundNut_Leaf,215,72,256,139
104.jpg,256,256,GroundNut_Leaf,223,140,256,160
104.jpg,256,256,GroundNut_Leaf,205,39,230,71
104.jpg,256,256,GroundNut_Leaf,114,8,151,23
104.jpg,256,256,GroundNut_Leaf,38,109,54,129
104.jpg,256,256,GroundNut_Leaf,105,56,123,92
105.jpg,256,256,GroundNut_Leaf,146,92,188,206
105.jpg,256,256,GroundNut_Leaf,189,79,239,191
105.jpg,256,256,GroundNut_Leaf,75,41,174,93
105.jpg,256,256,GroundNut_Leaf,143,1,192,39
105.jpg,256,256,GroundNut_Leaf,197,4,256,49
105.jpg,256,256,GroundNut_Leaf,1,109,11,173
105.jpg,256,256,GroundNut_Leaf,70,179,103,209
105.jpg,256,256,GroundNut_Leaf,78,210,106,255
105.jpg,256,256,GroundNut_Leaf,108,202,133,255
105.jpg,256,256,GroundNut_Leaf,105,169,134,199
105.jpg,256,256,GroundNut_Leaf,175,213,217,250
105.jpg,256,256,GroundNut_Leaf,114,123,137,146
105.jpg,256,256,GroundNut_Leaf,108,146,121,168
105.jpg,256,256,GroundNut_Leaf,40,72,52,91
105.jpg,256,256,GroundNut_Leaf,28,61,46,72
105.jpg,256,256,GroundNut_Leaf,34,40,49,52
106.jpg,256,256,GroundNut_Leaf,3,41,36,87
106.jpg,256,256,GroundNut_Leaf,1,172,20,214
106.jpg,256,256,GroundNut_Leaf,41,201,58,216
106.jpg,256,256,GroundNut_Leaf,1,223,22,244
106.jpg,256,256,GroundNut_Leaf,63,28,86,66
106.jpg,256,256,GroundNut_Leaf,1,13,18,39
106.jpg,256,256,GroundNut_Leaf,116,182,130,221
106.jpg,256,256,GroundNut_Leaf,90,94,140,148
106.jpg,256,256,GroundNut_Leaf,75,95,88,148
106.jpg,256,256,GroundNut_Leaf,91,63,135,94
106.jpg,256,256,GroundNut_Leaf,112,13,152,59
106.jpg,256,256,GroundNut_Leaf,88,30,110,61
106.jpg,256,256,GroundNut_Leaf,154,1,192,54
106.jpg,256,256,GroundNut_Leaf,230,57,256,109
106.jpg,256,256,GroundNut_Leaf,211,204,241,247
106.jpg,256,256,GroundNut_Leaf,170,182,191,205
106.jpg,256,256,GroundNut_Leaf,160,152,178,177
106.jpg,256,256,GroundNut_Leaf,197,147,212,167
106.jpg,256,256,GroundNut_Leaf,194,22,215,52
106.jpg,256,256,GroundNut_Leaf,26,145,37,165
106.jpg,256,256,GroundNut_Leaf,40,22,58,60
106.jpg,256,256,GroundNut_Leaf,192,66,219,86
107.jpg,256,256,GroundNut_Leaf,6,226,52,255
107.jpg,256,256,GroundNut_Leaf,26,151,74,196
107.jpg,256,256,GroundNut_Leaf,24,73,71,137
107.jpg,256,256,GroundNut_Leaf,68,30,86,48
107.jpg,256,256,GroundNut_Leaf,37,46,48,70
107.jpg,256,256,GroundNut_Leaf,1,102,17,132
107.jpg,256,256,GroundNut_Leaf,80,152,110,190
107.jpg,256,256,GroundNut_Leaf,127,154,147,183
107.jpg,256,256,GroundNut_Leaf,139,239,180,255
107.jpg,256,256,GroundNut_Leaf,161,181,194,200
107.jpg,256,256,GroundNut_Leaf,212,185,233,256
107.jpg,256,256,GroundNut_Leaf,248,151,256,185
107.jpg,256,256,GroundNut_Leaf,158,103,187,122
107.jpg,256,256,GroundNut_Leaf,156,68,187,102
107.jpg,256,256,GroundNut_Leaf,73,77,109,139
107.jpg,256,256,GroundNut_Leaf,104,7,121,31
107.jpg,256,256,GroundNut_Leaf,85,2,103,37
107.jpg,256,256,GroundNut_Leaf,151,49,177,66
107.jpg,256,256,GroundNut_Leaf,237,17,254,42
107.jpg,256,256,GroundNut_Leaf,1,33,34,68
107.jpg,256,256,GroundNut_Leaf,103,192,127,201
107.jpg,256,256,GroundNut_Leaf,159,11,187,27
107.jpg,256,256,GroundNut_Leaf,161,202,190,238
108.jpg,256,256,GroundNut_Leaf,1,105,51,171
108.jpg,256,256,GroundNut_Leaf,1,173,56,210
108.jpg,256,256,GroundNut_Leaf,6,24,42,64
108.jpg,256,256,GroundNut_Leaf,1,1,47,23
108.jpg,256,256,GroundNut_Leaf,43,37,58,69
108.jpg,256,256,GroundNut_Leaf,88,18,108,50
108.jpg,256,256,GroundNut_Leaf,95,127,139,164
108.jpg,256,256,GroundNut_Leaf,96,109,153,127
108.jpg,256,256,GroundNut_Leaf,53,113,93,134
108.jpg,256,256,GroundNut_Leaf,57,170,89,196
108.jpg,256,256,GroundNut_Leaf,111,30,137,57
108.jpg,256,256,GroundNut_Leaf,148,166,173,201
108.jpg,256,256,GroundNut_Leaf,174,185,218,209
108.jpg,256,256,GroundNut_Leaf,159,213,205,238
108.jpg,256,256,GroundNut_Leaf,223,230,255,254
108.jpg,256,256,GroundNut_Leaf,207,152,223,171
108.jpg,256,256,GroundNut_Leaf,216,115,243,130
108.jpg,256,256,GroundNut_Leaf,136,9,171,28
109.jpg,256,256,GroundNut_Leaf,6,147,47,193
109.jpg,256,256,GroundNut_Leaf,66,226,92,254
109.jpg,256,256,GroundNut_Leaf,125,99,163,179
109.jpg,256,256,GroundNut_Leaf,163,98,207,183
109.jpg,256,256,GroundNut_Leaf,9,90,37,113
109.jpg,256,256,GroundNut_Leaf,48,54,70,82
109.jpg,256,256,GroundNut_Leaf,15,9,25,31
109.jpg,256,256,GroundNut_Leaf,142,17,183,55
109.jpg,256,256,GroundNut_Leaf,185,25,220,58
109.jpg,256,256,GroundNut_Leaf,194,1,219,25
109.jpg,256,256,GroundNut_Leaf,223,2,256,20
109.jpg,256,256,GroundNut_Leaf,211,148,241,175
109.jpg,256,256,GroundNut_Leaf,196,203,235,256
109.jpg,256,256,GroundNut_Leaf,210,177,242,202
109.jpg,256,256,GroundNut_Leaf,77,113,92,142
109.jpg,256,256,GroundNut_Leaf,244,74,256,93
109.jpg,256,256,GroundNut_Leaf,14,244,57,256
11.jpg,256,256,GroundNut_Leaf,97,116,170,193
11.jpg,256,256,GroundNut_Leaf,145,207,184,231
11.jpg,256,256,GroundNut_Leaf,178,185,213,204
11.jpg,256,256,GroundNut_Leaf,186,207,226,230
11.jpg,256,256,GroundNut_Leaf,209,45,255,76
11.jpg,256,256,GroundNut_Leaf,1,164,38,191
11.jpg,256,256,GroundNut_Leaf,229,213,250,229
11.jpg,256,256,GroundNut_Leaf,221,231,242,244
110.jpg,256,256,GroundNut_Leaf,1,57,23,71
110.jpg,256,256,GroundNut_Leaf,49,13,81,48
110.jpg,256,256,GroundNut_Leaf,52,132,99,176
110.jpg,256,256,GroundNut_Leaf,101,139,135,189
110.jpg,256,256,GroundNut_Leaf,45,104,80,117
110.jpg,256,256,GroundNut_Leaf,53,72,82,99
110.jpg,256,256,GroundNut_Leaf,83,66,114,101
110.jpg,256,256,GroundNut_Leaf,92,102,121,129
110.jpg,256,256,GroundNut_Leaf,138,118,183,146
110.jpg,256,256,GroundNut_Leaf,194,223,222,247
110.jpg,256,256,GroundNut_Leaf,167,49,187,86
110.jpg,256,256,GroundNut_Leaf,133,52,166,96
110.jpg,256,256,GroundNut_Leaf,121,29,153,46
110.jpg,256,256,GroundNut_Leaf,1,21,29,56
110.jpg,256,256,GroundNut_Leaf,221,87,236,105
111.jpg,256,256,GroundNut_Leaf,1,106,89,169
111.jpg,256,256,GroundNut_Leaf,90,85,135,112
111.jpg,256,256,GroundNut_Leaf,17,44,55,63
111.jpg,256,256,GroundNut_Leaf,36,1,61,41
111.jpg,256,256,GroundNut_Leaf,5,1,35,30
111.jpg,256,256,GroundNut_Leaf,1,47,6,85
111.jpg,256,256,GroundNut_Leaf,110,7,135,36
111.jpg,256,256,GroundNut_Leaf,125,129,180,155
111.jpg,256,256,GroundNut_Leaf,128,187,155,201
111.jpg,256,256,GroundNut_Leaf,90,141,123,175
111.jpg,256,256,GroundNut_Leaf,129,208,156,227
111.jpg,256,256,GroundNut_Leaf,211,178,239,218
111.jpg,256,256,GroundNut_Leaf,211,153,252,171
111.jpg,256,256,GroundNut_Leaf,180,235,203,254
111.jpg,256,256,GroundNut_Leaf,148,64,189,92
111.jpg,256,256,GroundNut_Leaf,192,56,209,83
112.jpg,256,256,GroundNut_Leaf,67,213,146,241
112.jpg,256,256,GroundNut_Leaf,60,183,101,213
112.jpg,256,256,GroundNut_Leaf,52,118,90,153
112.jpg,256,256,GroundNut_Leaf,21,132,51,158
112.jpg,256,256,GroundNut_Leaf,1,98,68,119
112.jpg,256,256,GroundNut_Leaf,1,52,20,96
112.jpg,256,256,GroundNut_Leaf,39,26,54,60
112.jpg,256,256,GroundNut_Leaf,90,48,114,73
112.jpg,256,256,GroundNut_Leaf,71,45,89,73
112.jpg,256,256,GroundNut_Leaf,93,117,164,171
112.jpg,256,256,GroundNut_Leaf,154,197,192,213
112.jpg,256,256,GroundNut_Leaf,179,144,211,182
112.jpg,256,256,GroundNut_Leaf,222,209,250,246
112.jpg,256,256,GroundNut_Leaf,170,121,191,130
112.jpg,256,256,GroundNut_Leaf,186,58,197,79
112.jpg,256,256,GroundNut_Leaf,161,51,173,76
113.jpg,256,256,GroundNut_Leaf,7,180,43,200
113.jpg,256,256,GroundNut_Leaf,1,144,19,169
113.jpg,256,256,GroundNut_Leaf,33,156,57,179
113.jpg,256,256,GroundNut_Leaf,39,136,80,157
113.jpg,256,256,GroundNut_Leaf,32,109,67,128
113.jpg,256,256,GroundNut_Leaf,68,100,94,133
113.jpg,256,256,GroundNut_Leaf,54,30,71,53
113.jpg,256,256,GroundNut_Leaf,24,87,64,105
113.jpg,256,256,GroundNut_Leaf,110,88,154,132
113.jpg,256,256,GroundNut_Leaf,89,143,138,189
113.jpg,256,256,GroundNut_Leaf,104,193,128,211
113.jpg,256,256,GroundNut_Leaf,211,165,256,203
113.jpg,256,256,GroundNut_Leaf,170,213,192,235
113.jpg,256,256,GroundNut_Leaf,194,221,234,255
113.jpg,256,256,GroundNut_Leaf,128,32,146,53
113.jpg,256,256,GroundNut_Leaf,142,11,166,30
113.jpg,256,256,GroundNut_Leaf,109,4,140,32
113.jpg,256,256,GroundNut_Leaf,159,75,176,92
113.jpg,256,256,GroundNut_Leaf,133,67,154,85
113.jpg,256,256,GroundNut_Leaf,137,55,162,65
113.jpg,256,256,GroundNut_Leaf,214,82,249,100
113.jpg,256,256,GroundNut_Leaf,156,126,187,152
114.jpg,256,256,GroundNut_Leaf,1,181,35,215
114.jpg,256,256,GroundNut_Leaf,17,221,61,242
114.jpg,256,256,GroundNut_Leaf,1,227,9,248
114.jpg,256,256,GroundNut_Leaf,15,113,36,151
114.jpg,256,256,GroundNut_Leaf,15,31,58,51
114.jpg,256,256,GroundNut_Leaf,73,23,134,60
114.jpg,256,256,GroundNut_Leaf,43,130,88,151
114.jpg,256,256,GroundNut_Leaf,101,116,161,140
114.jpg,256,256,GroundNut_Leaf,109,144,164,161
114.jpg,256,256,GroundNut_Leaf,162,79,207,132
114.jpg,256,256,GroundNut_Leaf,177,35,222,76
114.jpg,256,256,GroundNut_Leaf,147,7,200,35
114.jpg,256,256,GroundNut_Leaf,233,7,256,36
114.jpg,256,256,GroundNut_Leaf,208,79,235,133
114.jpg,256,256,GroundNut_Leaf,83,209,106,233
115.jpg,256,256,GroundNut_Leaf,68,113,98,194
115.jpg,256,256,GroundNut_Leaf,100,113,134,182
115.jpg,256,256,GroundNut_Leaf,23,133,61,165
115.jpg,256,256,GroundNut_Leaf,127,209,144,227
115.jpg,256,256,GroundNut_Leaf,98,64,153,96
115.jpg,256,256,GroundNut_Leaf,66,54,86,87
115.jpg,256,256,GroundNut_Leaf,69,1,106,45
115.jpg,256,256,GroundNut_Leaf,118,39,141,59
115.jpg,256,256,GroundNut_Leaf,178,26,215,64
115.jpg,256,256,GroundNut_Leaf,226,1,233,21
115.jpg,256,256,GroundNut_Leaf,177,200,194,216
115.jpg,256,256,GroundNut_Leaf,1,1,5,34
115.jpg,256,256,GroundNut_Leaf,179,149,196,173
116.jpg,256,256,GroundNut_Leaf,36,57,57,85
116.jpg,256,256,GroundNut_Leaf,77,110,153,162
116.jpg,256,256,GroundNut_Leaf,65,165,150,206
116.jpg,256,256,GroundNut_Leaf,155,168,187,226
116.jpg,256,256,GroundNut_Leaf,196,99,210,127
116.jpg,256,256,GroundNut_Leaf,27,90,52,103
116.jpg,256,256,GroundNut_Leaf,75,86,90,108
116.jpg,256,256,GroundNut_Leaf,29,202,60,229
116.jpg,256,256,GroundNut_Leaf,170,142,232,164
116.jpg,256,256,GroundNut_Leaf,18,159,43,168
116.jpg,256,256,GroundNut_Leaf,43,138,59,154
116.jpg,256,256,GroundNut_Leaf,110,73,134,103
116.jpg,256,256,GroundNut_Leaf,124,4,163,39
116.jpg,256,256,GroundNut_Leaf,73,68,106,86
116.jpg,256,256,GroundNut_Leaf,177,113,195,133
116.jpg,256,256,GroundNut_Leaf,138,86,169,104
117.jpg,256,256,GroundNut_Leaf,1,168,35,216
117.jpg,256,256,GroundNut_Leaf,8,143,52,166
117.jpg,256,256,GroundNut_Leaf,112,177,140,220
117.jpg,256,256,GroundNut_Leaf,141,171,169,188
117.jpg,256,256,GroundNut_Leaf,75,97,135,113
117.jpg,256,256,GroundNut_Leaf,68,123,102,168
117.jpg,256,256,GroundNut_Leaf,103,142,138,171
117.jpg,256,256,GroundNut_Leaf,158,127,191,147
117.jpg,256,256,GroundNut_Leaf,187,158,230,175
117.jpg,256,256,GroundNut_Leaf,1,58,57,85
117.jpg,256,256,GroundNut_Leaf,2,1,42,20
117.jpg,256,256,GroundNut_Leaf,156,89,200,122
117.jpg,256,256,GroundNut_Leaf,166,1,190,21
117.jpg,256,256,GroundNut_Leaf,222,209,245,233
117.jpg,256,256,GroundNut_Leaf,216,191,236,208
118.jpg,256,256,GroundNut_Leaf,132,118,191,144
118.jpg,256,256,GroundNut_Leaf,131,147,176,181
118.jpg,256,256,GroundNut_Leaf,102,145,128,187
118.jpg,256,256,GroundNut_Leaf,128,49,150,76
118.jpg,256,256,GroundNut_Leaf,95,91,124,119
118.jpg,256,256,GroundNut_Leaf,24,42,48,73
118.jpg,256,256,GroundNut_Leaf,76,37,106,52
118.jpg,256,256,GroundNut_Leaf,217,2,246,23
119.jpg,256,256,GroundNut_Leaf,110,115,160,154
119.jpg,256,256,GroundNut_Leaf,115,156,172,191
119.jpg,256,256,GroundNut_Leaf,89,160,113,190
119.jpg,256,256,GroundNut_Leaf,25,94,62,136
119.jpg,256,256,GroundNut_Leaf,204,109,248,144
119.jpg,256,256,GroundNut_Leaf,203,147,244,180
119.jpg,256,256,GroundNut_Leaf,85,15,103,51
119.jpg,256,256,GroundNut_Leaf,110,75,133,91
119.jpg,256,256,GroundNut_Leaf,77,122,101,157
119.jpg,256,256,GroundNut_Leaf,188,63,253,101
119.jpg,256,256,GroundNut_Leaf,173,118,196,144
119.jpg,256,256,GroundNut_Leaf,40,146,66,170
12.jpg,256,256,GroundNut_Leaf,24,127,118,215
12.jpg,256,256,GroundNut_Leaf,123,128,214,194
12.jpg,256,256,GroundNut_Leaf,129,91,230,127
12.jpg,256,256,GroundNut_Leaf,11,73,118,116
12.jpg,256,256,GroundNut_Leaf,146,6,183,73
12.jpg,256,256,GroundNut_Leaf,63,7,106,50
120.jpg,256,256,GroundNut_Leaf,136,90,200,145
120.jpg,256,256,GroundNut_Leaf,149,149,225,177
120.jpg,256,256,GroundNut_Leaf,100,91,135,149
120.jpg,256,256,GroundNut_Leaf,182,220,207,240
120.jpg,256,256,GroundNut_Leaf,168,17,195,32
120.jpg,256,256,GroundNut_Leaf,142,64,155,85
120.jpg,256,256,GroundNut_Leaf,46,130,95,153
120.jpg,256,256,GroundNut_Leaf,158,191,189,221
120.jpg,256,256,GroundNut_Leaf,90,6,120,28
120.jpg,256,256,GroundNut_Leaf,1,158,30,182
120.jpg,256,256,GroundNut_Leaf,46,211,70,234
121.jpg,256,256,GroundNut_Leaf,67,46,100,80
121.jpg,256,256,GroundNut_Leaf,97,145,160,179
121.jpg,256,256,GroundNut_Leaf,192,177,250,202
121.jpg,256,256,GroundNut_Leaf,15,36,48,70
121.jpg,256,256,GroundNut_Leaf,176,58,222,109
121.jpg,256,256,GroundNut_Leaf,40,121,60,137
121.jpg,256,256,GroundNut_Leaf,31,139,60,153
121.jpg,256,256,GroundNut_Leaf,127,122,170,140
121.jpg,256,256,GroundNut_Leaf,133,50,161,81
121.jpg,256,256,GroundNut_Leaf,223,114,255,143
121.jpg,256,256,GroundNut_Leaf,1,207,24,231
121.jpg,256,256,GroundNut_Leaf,239,15,256,58
122.jpg,256,256,GroundNut_Leaf,83,25,131,75
122.jpg,256,256,GroundNut_Leaf,75,159,117,227
122.jpg,256,256,GroundNut_Leaf,131,205,171,241
122.jpg,256,256,GroundNut_Leaf,155,150,201,184
122.jpg,256,256,GroundNut_Leaf,154,131,201,149
122.jpg,256,256,GroundNut_Leaf,98,134,147,153
122.jpg,256,256,GroundNut_Leaf,77,88,112,107
122.jpg,256,256,GroundNut_Leaf,153,66,193,119
122.jpg,256,256,GroundNut_Leaf,204,51,231,83
122.jpg,256,256,GroundNut_Leaf,15,97,38,128
122.jpg,256,256,GroundNut_Leaf,53,21,88,68
122.jpg,256,256,GroundNut_Leaf,27,169,38,199
122.jpg,256,256,GroundNut_Leaf,8,177,24,209
123.jpg,256,256,GroundNut_Leaf,106,130,145,161
123.jpg,256,256,GroundNut_Leaf,131,157,193,179
123.jpg,256,256,GroundNut_Leaf,105,173,140,211
123.jpg,256,256,GroundNut_Leaf,75,138,115,173
123.jpg,256,256,GroundNut_Leaf,1,211,25,248
123.jpg,256,256,GroundNut_Leaf,41,233,69,256
123.jpg,256,256,GroundNut_Leaf,219,204,242,239
123.jpg,256,256,GroundNut_Leaf,140,82,171,108
123.jpg,256,256,GroundNut_Leaf,211,79,243,102
123.jpg,256,256,GroundNut_Leaf,36,52,61,70
123.jpg,256,256,GroundNut_Leaf,26,80,51,111
123.jpg,256,256,GroundNut_Leaf,237,54,255,81
123.jpg,256,256,GroundNut_Leaf,214,150,242,173
123.jpg,256,256,GroundNut_Leaf,177,140,231,154
123.jpg,256,256,GroundNut_Leaf,112,102,126,128
123.jpg,256,256,GroundNut_Leaf,112,80,136,97
123.jpg,256,256,GroundNut_Leaf,196,58,211,94
123.jpg,256,256,GroundNut_Leaf,183,27,212,55
124.jpg,256,256,GroundNut_Leaf,28,171,74,256
124.jpg,256,256,GroundNut_Leaf,1,210,24,252
124.jpg,256,256,GroundNut_Leaf,141,2,176,40
124.jpg,256,256,GroundNut_Leaf,120,123,165,165
124.jpg,256,256,GroundNut_Leaf,121,167,152,225
124.jpg,256,256,GroundNut_Leaf,74,42,103,88
124.jpg,256,256,GroundNut_Leaf,129,58,156,103
124.jpg,256,256,GroundNut_Leaf,21,32,71,94
124.jpg,256,256,GroundNut_Leaf,83,156,110,198
125.jpg,256,256,GroundNut_Leaf,139,141,178,190
125.jpg,256,256,GroundNut_Leaf,85,12,116,44
125.jpg,256,256,GroundNut_Leaf,223,20,256,48
125.jpg,256,256,GroundNut_Leaf,145,110,192,139
125.jpg,256,256,GroundNut_Leaf,109,70,139,87
125.jpg,256,256,GroundNut_Leaf,43,31,80,56
125.jpg,256,256,GroundNut_Leaf,64,79,101,95
125.jpg,256,256,GroundNut_Leaf,71,127,138,165
125.jpg,256,256,GroundNut_Leaf,9,110,25,128
125.jpg,256,256,GroundNut_Leaf,3,52,24,68
126.jpg,256,256,GroundNut_Leaf,49,198,67,240
126.jpg,256,256,GroundNut_Leaf,4,186,21,216
126.jpg,256,256,GroundNut_Leaf,77,165,100,206
126.jpg,256,256,GroundNut_Leaf,50,150,76,191
126.jpg,256,256,GroundNut_Leaf,120,14,152,68
126.jpg,256,256,GroundNut_Leaf,80,52,115,76
126.jpg,256,256,GroundNut_Leaf,116,85,144,139
126.jpg,256,256,GroundNut_Leaf,164,94,210,119
126.jpg,256,256,GroundNut_Leaf,161,121,191,161
126.jpg,256,256,GroundNut_Leaf,25,230,48,254
126.jpg,256,256,GroundNut_Leaf,39,118,66,148
126.jpg,256,256,GroundNut_Leaf,145,101,156,163
126.jpg,256,256,GroundNut_Leaf,23,64,46,110
126.jpg,256,256,GroundNut_Leaf,28,26,66,63
126.jpg,256,256,GroundNut_Leaf,75,1,92,32
126.jpg,256,256,GroundNut_Leaf,10,25,26,61
126.jpg,256,256,GroundNut_Leaf,83,92,102,123
127.jpg,256,256,GroundNut_Leaf,157,140,232,201
127.jpg,256,256,GroundNut_Leaf,87,113,153,165
127.jpg,256,256,GroundNut_Leaf,157,66,233,124
127.jpg,256,256,GroundNut_Leaf,49,104,86,129
127.jpg,256,256,GroundNut_Leaf,105,74,125,90
127.jpg,256,256,GroundNut_Leaf,42,131,73,154
127.jpg,256,256,GroundNut_Leaf,121,198,172,252
127.jpg,256,256,GroundNut_Leaf,62,186,93,223
127.jpg,256,256,GroundNut_Leaf,89,35,107,70
127.jpg,256,256,GroundNut_Leaf,41,17,61,58
127.jpg,256,256,GroundNut_Leaf,1,21,32,55
127.jpg,256,256,GroundNut_Leaf,17,59,41,90
127.jpg,256,256,GroundNut_Leaf,146,1,176,27
127.jpg,256,256,GroundNut_Leaf,182,15,211,42
127.jpg,256,256,GroundNut_Leaf,43,62,87,103
127.jpg,256,256,GroundNut_Leaf,174,230,227,256
127.jpg,256,256,GroundNut_Leaf,239,144,256,202
127.jpg,256,256,GroundNut_Leaf,236,9,255,47
127.jpg,256,256,GroundNut_Leaf,115,166,147,194
127.jpg,256,256,GroundNut_Leaf,1,149,16,183
127.jpg,256,256,GroundNut_Leaf,1,215,18,255
127.jpg,256,256,GroundNut_Leaf,111,45,129,73
128.jpg,256,256,GroundNut_Leaf,90,82,161,127
128.jpg,256,256,GroundNut_Leaf,26,114,46,142
128.jpg,256,256,GroundNut_Leaf,18,146,38,201
128.jpg,256,256,GroundNut_Leaf,33,197,74,250
128.jpg,256,256,GroundNut_Leaf,75,28,104,81
128.jpg,256,256,GroundNut_Leaf,75,129,132,181
128.jpg,256,256,GroundNut_Leaf,205,224,239,244
128.jpg,256,256,GroundNut_Leaf,220,113,230,124
128.jpg,256,256,GroundNut_Leaf,230,92,240,109
128.jpg,256,256,GroundNut_Leaf,232,121,251,130
129.jpg,256,256,GroundNut_Leaf,62,29,75,82
129.jpg,256,256,GroundNut_Leaf,28,46,60,83
129.jpg,256,256,GroundNut_Leaf,30,87,67,105
129.jpg,256,256,GroundNut_Leaf,50,108,79,126
129.jpg,256,256,GroundNut_Leaf,19,129,63,158
129.jpg,256,256,GroundNut_Leaf,4,166,36,208
129.jpg,256,256,GroundNut_Leaf,1,210,42,238
129.jpg,256,256,GroundNut_Leaf,221,192,253,248
129.jpg,256,256,GroundNut_Leaf,81,142,111,168
129.jpg,256,256,GroundNut_Leaf,37,178,109,208
129.jpg,256,256,GroundNut_Leaf,118,80,137,121
129.jpg,256,256,GroundNut_Leaf,115,123,134,182
129.jpg,256,256,GroundNut_Leaf,139,125,184,159
129.jpg,256,256,GroundNut_Leaf,140,83,182,123
129.jpg,256,256,GroundNut_Leaf,184,57,229,108
13.jpg,256,256,GroundNut_Leaf,127,153,174,219
13.jpg,256,256,GroundNut_Leaf,70,147,125,191
13.jpg,256,256,GroundNut_Leaf,3,190,58,228
13.jpg,256,256,GroundNut_Leaf,65,25,103,56
13.jpg,256,256,GroundNut_Leaf,12,19,45,58
13.jpg,256,256,GroundNut_Leaf,85,58,144,73
13.jpg,256,256,GroundNut_Leaf,101,107,134,139
13.jpg,256,256,GroundNut_Leaf,157,40,206,72
13.jpg,256,256,GroundNut_Leaf,52,99,80,126
130.jpg,256,256,GroundNut_Leaf,13,153,25,180
130.jpg,256,256,GroundNut_Leaf,92,121,108,152
130.jpg,256,256,GroundNut_Leaf,110,115,148,138
130.jpg,256,256,GroundNut_Leaf,120,144,147,178
130.jpg,256,256,GroundNut_Leaf,150,140,176,191
130.jpg,256,256,GroundNut_Leaf,149,107,182,133
130.jpg,256,256,GroundNut_Leaf,210,102,248,125
130.jpg,256,256,GroundNut_Leaf,205,128,231,157
130.jpg,256,256,GroundNut_Leaf,178,63,200,85
130.jpg,256,256,GroundNut_Leaf,143,65,163,95
130.jpg,256,256,GroundNut_Leaf,202,161,240,190
130.jpg,256,256,GroundNut_Leaf,169,38,184,63
130.jpg,256,256,GroundNut_Leaf,203,78,222,101
131.jpg,256,256,GroundNut_Leaf,20,1,86,22
131.jpg,256,256,GroundNut_Leaf,87,1,112,58
131.jpg,256,256,GroundNut_Leaf,43,122,109,155
131.jpg,256,256,GroundNut_Leaf,110,121,153,178
131.jpg,256,256,GroundNut_Leaf,12,166,61,198
131.jpg,256,256,GroundNut_Leaf,17,202,70,221
131.jpg,256,256,GroundNut_Leaf,89,211,118,231
131.jpg,256,256,GroundNut_Leaf,47,103,113,121
131.jpg,256,256,GroundNut_Leaf,21,87,58,101
131.jpg,256,256,GroundNut_Leaf,134,90,190,115
131.jpg,256,256,GroundNut_Leaf,121,71,152,90
131.jpg,256,256,GroundNut_Leaf,97,86,119,99
131.jpg,256,256,GroundNut_Leaf,116,39,135,70
131.jpg,256,256,GroundNut_Leaf,134,8,154,35
131.jpg,256,256,GroundNut_Leaf,156,1,195,44
131.jpg,256,256,GroundNut_Leaf,155,149,193,170
132.jpg,256,256,GroundNut_Leaf,1,28,36,61
132.jpg,256,256,GroundNut_Leaf,43,37,65,67
132.jpg,256,256,GroundNut_Leaf,66,40,82,75
132.jpg,256,256,GroundNut_Leaf,82,86,116,108
132.jpg,256,256,GroundNut_Leaf,65,110,111,133
132.jpg,256,256,GroundNut_Leaf,118,105,161,123
132.jpg,256,256,GroundNut_Leaf,92,136,125,181
132.jpg,256,256,GroundNut_Leaf,128,131,181,161
132.jpg,256,256,GroundNut_Leaf,4,157,42,211
132.jpg,256,256,GroundNut_Leaf,111,54,155,87
132.jpg,256,256,GroundNut_Leaf,201,58,223,97
132.jpg,256,256,GroundNut_Leaf,186,208,211,232
132.jpg,256,256,GroundNut_Leaf,167,196,201,206
132.jpg,256,256,GroundNut_Leaf,156,55,176,89
132.jpg,256,256,GroundNut_Leaf,109,18,121,38
132.jpg,256,256,GroundNut_Leaf,123,26,135,46
132.jpg,256,256,GroundNut_Leaf,223,142,239,170
132.jpg,256,256,GroundNut_Leaf,204,198,234,208
132.jpg,256,256,GroundNut_Leaf,150,30,182,54
133.jpg,256,256,GroundNut_Leaf,1,21,34,65
133.jpg,256,256,GroundNut_Leaf,35,26,72,70
133.jpg,256,256,GroundNut_Leaf,1,75,39,99
133.jpg,256,256,GroundNut_Leaf,1,101,29,137
133.jpg,256,256,GroundNut_Leaf,32,115,90,136
133.jpg,256,256,GroundNut_Leaf,1,141,58,188
133.jpg,256,256,GroundNut_Leaf,6,209,68,238
133.jpg,256,256,GroundNut_Leaf,96,109,135,157
133.jpg,256,256,GroundNut_Leaf,129,74,146,106
133.jpg,256,256,GroundNut_Leaf,147,89,214,115
133.jpg,256,256,GroundNut_Leaf,225,218,256,255
133.jpg,256,256,GroundNut_Leaf,149,117,203,155
133.jpg,256,256,GroundNut_Leaf,180,26,221,77
133.jpg,256,256,GroundNut_Leaf,216,85,256,119
134.jpg,256,256,GroundNut_Leaf,1,32,97,77
134.jpg,256,256,GroundNut_Leaf,1,1,32,31
134.jpg,256,256,GroundNut_Leaf,98,39,134,89
134.jpg,256,256,GroundNut_Leaf,136,45,158,85
134.jpg,256,256,GroundNut_Leaf,139,1,169,44
134.jpg,256,256,GroundNut_Leaf,117,192,174,226
134.jpg,256,256,GroundNut_Leaf,101,120,154,159
134.jpg,256,256,GroundNut_Leaf,155,122,190,177
134.jpg,256,256,GroundNut_Leaf,166,107,237,120
134.jpg,256,256,GroundNut_Leaf,171,11,213,42
134.jpg,256,256,GroundNut_Leaf,206,44,230,70
134.jpg,256,256,GroundNut_Leaf,215,11,244,44
135.jpg,256,256,GroundNut_Leaf,2,54,49,74
135.jpg,256,256,GroundNut_Leaf,1,10,47,52
135.jpg,256,256,GroundNut_Leaf,51,40,76,69
135.jpg,256,256,GroundNut_Leaf,81,1,106,42
135.jpg,256,256,GroundNut_Leaf,123,11,162,50
135.jpg,256,256,GroundNut_Leaf,79,44,103,69
135.jpg,256,256,GroundNut_Leaf,48,14,79,39
135.jpg,256,256,GroundNut_Leaf,119,82,184,98
135.jpg,256,256,GroundNut_Leaf,128,112,184,139
135.jpg,256,256,GroundNut_Leaf,75,132,125,154
135.jpg,256,256,GroundNut_Leaf,92,107,121,132
135.jpg,256,256,GroundNut_Leaf,68,100,90,120
135.jpg,256,256,GroundNut_Leaf,139,145,193,179
135.jpg,256,256,GroundNut_Leaf,102,156,136,204
135.jpg,256,256,GroundNut_Leaf,203,215,225,236
135.jpg,256,256,GroundNut_Leaf,178,218,200,255
135.jpg,256,256,GroundNut_Leaf,232,176,250,194
135.jpg,256,256,GroundNut_Leaf,190,57,221,91
135.jpg,256,256,GroundNut_Leaf,225,146,256,174
135.jpg,256,256,GroundNut_Leaf,189,94,209,131
135.jpg,256,256,GroundNut_Leaf,25,144,57,178
135.jpg,256,256,GroundNut_Leaf,135,56,186,79
136.jpg,256,256,GroundNut_Leaf,96,164,138,219
136.jpg,256,256,GroundNut_Leaf,20,175,56,211
136.jpg,256,256,GroundNut_Leaf,1,145,30,174
136.jpg,256,256,GroundNut_Leaf,71,110,99,161
136.jpg,256,256,GroundNut_Leaf,58,165,94,225
136.jpg,256,256,GroundNut_Leaf,176,37,192,64
136.jpg,256,256,GroundNut_Leaf,193,59,216,68
136.jpg,256,256,GroundNut_Leaf,103,139,163,161
136.jpg,256,256,GroundNut_Leaf,4,75,39,104
136.jpg,256,256,GroundNut_Leaf,1,120,16,142
136.jpg,256,256,GroundNut_Leaf,76,39,105,62
136.jpg,256,256,GroundNut_Leaf,31,44,61,71
136.jpg,256,256,GroundNut_Leaf,1,33,15,67
136.jpg,256,256,GroundNut_Leaf,103,1,127,30
136.jpg,256,256,GroundNut_Leaf,68,11,101,35
136.jpg,256,256,GroundNut_Leaf,38,1,66,27
136.jpg,256,256,GroundNut_Leaf,165,147,218,173
136.jpg,256,256,GroundNut_Leaf,154,192,171,216
136.jpg,256,256,GroundNut_Leaf,145,220,170,239
136.jpg,256,256,GroundNut_Leaf,53,125,68,141
136.jpg,256,256,GroundNut_Leaf,79,72,106,89
137.jpg,256,256,GroundNut_Leaf,96,42,130,103
137.jpg,256,256,GroundNut_Leaf,61,105,122,128
137.jpg,256,256,GroundNut_Leaf,94,139,130,188
137.jpg,256,256,GroundNut_Leaf,150,22,175,82
137.jpg,256,256,GroundNut_Leaf,213,63,256,85
137.jpg,256,256,GroundNut_Leaf,217,30,256,61
137.jpg,256,256,GroundNut_Leaf,132,85,146,137
137.jpg,256,256,GroundNut_Leaf,201,178,218,208
137.jpg,256,256,GroundNut_Leaf,229,154,256,161
137.jpg,256,256,GroundNut_Leaf,215,89,249,114
137.jpg,256,256,GroundNut_Leaf,206,118,256,139
137.jpg,256,256,GroundNut_Leaf,56,202,85,234
137.jpg,256,256,GroundNut_Leaf,40,23,65,46
137.jpg,256,256,GroundNut_Leaf,220,220,249,246
137.jpg,256,256,GroundNut_Leaf,108,191,133,226
137.jpg,256,256,GroundNut_Leaf,12,233,38,252
137.jpg,256,256,GroundNut_Leaf,149,169,180,182
137.jpg,256,256,GroundNut_Leaf,181,106,199,138
14.jpg,256,256,GroundNut_Leaf,80,135,132,199
14.jpg,256,256,GroundNut_Leaf,138,137,200,189
14.jpg,256,256,GroundNut_Leaf,138,104,214,134
14.jpg,256,256,GroundNut_Leaf,168,60,222,92
14.jpg,256,256,GroundNut_Leaf,72,218,99,244
14.jpg,256,256,GroundNut_Leaf,154,17,216,43
14.jpg,256,256,GroundNut_Leaf,70,73,96,99
14.jpg,256,256,GroundNut_Leaf,9,114,53,133
14.jpg,256,256,GroundNut_Leaf,53,215,68,244
14.jpg,256,256,GroundNut_Leaf,2,165,29,182
15.jpg,256,256,GroundNut_Leaf,25,111,176,175
15.jpg,256,256,GroundNut_Leaf,58,83,193,111
15.jpg,256,256,GroundNut_Leaf,162,211,203,254
15.jpg,256,256,GroundNut_Leaf,139,14,179,49
15.jpg,256,256,GroundNut_Leaf,128,196,153,215
16.jpg,256,256,GroundNut_Leaf,160,82,217,152
16.jpg,256,256,GroundNut_Leaf,67,118,157,165
16.jpg,256,256,GroundNut_Leaf,81,167,179,228
16.jpg,256,256,GroundNut_Leaf,191,226,213,252
17.jpg,256,256,GroundNut_Leaf,37,121,59,159
17.jpg,256,256,GroundNut_Leaf,143,106,197,161
17.jpg,256,256,GroundNut_Leaf,126,73,191,105
17.jpg,256,256,GroundNut_Leaf,171,26,203,71
17.jpg,256,256,GroundNut_Leaf,205,218,232,255
17.jpg,256,256,GroundNut_Leaf,20,1,41,28
17.jpg,256,256,GroundNut_Leaf,116,219,133,251
17.jpg,256,256,GroundNut_Leaf,144,26,165,62
17.jpg,256,256,GroundNut_Leaf,93,196,122,222
18.jpg,256,256,GroundNut_Leaf,55,77,131,142
18.jpg,256,256,GroundNut_Leaf,6,145,139,189
18.jpg,256,256,GroundNut_Leaf,88,185,157,246
18.jpg,256,256,GroundNut_Leaf,166,6,214,68
18.jpg,256,256,GroundNut_Leaf,217,32,254,80
18.jpg,256,256,GroundNut_Leaf,160,166,219,223
18.jpg,256,256,GroundNut_Leaf,138,94,190,147
18.jpg,256,256,GroundNut_Leaf,13,62,51,90
18.jpg,256,256,GroundNut_Leaf,227,151,256,184
18.jpg,256,256,GroundNut_Leaf,217,15,245,31
19.jpg,256,256,GroundNut_Leaf,108,94,190,175
19.jpg,256,256,GroundNut_Leaf,34,77,105,132
19.jpg,256,256,GroundNut_Leaf,75,8,170,49
19.jpg,256,256,GroundNut_Leaf,215,126,238,179
19.jpg,256,256,GroundNut_Leaf,42,208,92,244
19.jpg,256,256,GroundNut_Leaf,227,62,255,111
2.jpg,256,256,GroundNut_Leaf,29,141,78,175
2.jpg,256,256,GroundNut_Leaf,156,15,213,50
2.jpg,256,256,GroundNut_Leaf,104,190,129,235
2.jpg,256,256,GroundNut_Leaf,1,139,24,186
2.jpg,256,256,GroundNut_Leaf,209,139,236,175
2.jpg,256,256,GroundNut_Leaf,212,55,232,88
2.jpg,256,256,GroundNut_Leaf,2,18,40,55
2.jpg,256,256,GroundNut_Leaf,69,202,96,251
2.jpg,256,256,GroundNut_Leaf,193,112,236,138
2.jpg,256,256,GroundNut_Leaf,12,227,33,256
2.jpg,256,256,GroundNut_Leaf,60,13,79,43
2.jpg,256,256,GroundNut_Leaf,1,83,17,115
20.jpg,256,256,GroundNut_Leaf,81,126,136,152
20.jpg,256,256,GroundNut_Leaf,103,154,149,199
20.jpg,256,256,GroundNut_Leaf,88,70,113,109
20.jpg,256,256,GroundNut_Leaf,14,86,45,121
20.jpg,256,256,GroundNut_Leaf,54,145,79,178
20.jpg,256,256,GroundNut_Leaf,116,215,153,254
20.jpg,256,256,GroundNut_Leaf,128,43,150,79
20.jpg,256,256,GroundNut_Leaf,60,26,105,66
20.jpg,256,256,GroundNut_Leaf,223,13,254,56
20.jpg,256,256,GroundNut_Leaf,155,218,181,255
20.jpg,256,256,GroundNut_Leaf,203,156,228,196
20.jpg,256,256,GroundNut_Leaf,179,101,215,126
20.jpg,256,256,GroundNut_Leaf,152,92,177,126
20.jpg,256,256,GroundNut_Leaf,179,1,207,39
20.jpg,256,256,GroundNut_Leaf,9,13,45,42
20.jpg,256,256,GroundNut_Leaf,172,130,202,151
20.jpg,256,256,GroundNut_Leaf,153,72,193,88
20.jpg,256,256,GroundNut_Leaf,217,70,249,102
21.jpg,256,256,GroundNut_Leaf,15,176,80,230
21.jpg,256,256,GroundNut_Leaf,66,96,135,154
21.jpg,256,256,GroundNut_Leaf,103,50,170,87
21.jpg,256,256,GroundNut_Leaf,150,23,177,49
21.jpg,256,256,GroundNut_Leaf,128,158,175,190
21.jpg,256,256,GroundNut_Leaf,56,25,100,83
21.jpg,256,256,GroundNut_Leaf,181,193,210,222
21.jpg,256,256,GroundNut_Leaf,178,177,221,194
21.jpg,256,256,GroundNut_Leaf,69,227,122,251
21.jpg,256,256,GroundNut_Leaf,212,156,246,177
22.jpg,256,256,GroundNut_Leaf,108,178,140,216
22.jpg,256,256,GroundNut_Leaf,120,157,189,177
22.jpg,256,256,GroundNut_Leaf,112,132,178,156
22.jpg,256,256,GroundNut_Leaf,84,101,120,130
22.jpg,256,256,GroundNut_Leaf,1,120,35,154
22.jpg,256,256,GroundNut_Leaf,228,209,253,252
22.jpg,256,256,GroundNut_Leaf,22,64,81,104
22.jpg,256,256,GroundNut_Leaf,182,2,228,33
22.jpg,256,256,GroundNut_Leaf,107,34,129,77
23.jpg,256,256,GroundNut_Leaf,33,136,103,177
23.jpg,256,256,GroundNut_Leaf,106,122,176,148
23.jpg,256,256,GroundNut_Leaf,57,47,82,83
23.jpg,256,256,GroundNut_Leaf,184,129,237,148
23.jpg,256,256,GroundNut_Leaf,122,152,179,196
23.jpg,256,256,GroundNut_Leaf,190,217,227,235
23.jpg,256,256,GroundNut_Leaf,138,63,157,97
23.jpg,256,256,GroundNut_Leaf,210,182,253,205
23.jpg,256,256,GroundNut_Leaf,67,231,105,244
24.jpg,256,256,GroundNut_Leaf,86,109,131,168
24.jpg,256,256,GroundNut_Leaf,33,140,84,193
24.jpg,256,256,GroundNut_Leaf,36,194,112,232
24.jpg,256,256,GroundNut_Leaf,1,69,25,114
24.jpg,256,256,GroundNut_Leaf,1,122,31,175
24.jpg,256,256,GroundNut_Leaf,113,190,152,226
24.jpg,256,256,GroundNut_Leaf,214,129,248,177
24.jpg,256,256,GroundNut_Leaf,171,46,223,74
24.jpg,256,256,GroundNut_Leaf,158,77,181,118
24.jpg,256,256,GroundNut_Leaf,184,140,212,173
24.jpg,256,256,GroundNut_Leaf,226,33,256,64
25.jpg,256,256,GroundNut_Leaf,98,140,138,189
25.jpg,256,256,GroundNut_Leaf,152,181,184,232
25.jpg,256,256,GroundNut_Leaf,60,113,98,138
25.jpg,256,256,GroundNut_Leaf,7,99,46,131
25.jpg,256,256,GroundNut_Leaf,164,8,204,58
25.jpg,256,256,GroundNut_Leaf,223,78,256,102
25.jpg,256,256,GroundNut_Leaf,165,106,197,141
25.jpg,256,256,GroundNut_Leaf,75,80,108,109
25.jpg,256,256,GroundNut_Leaf,6,49,43,84
25.jpg,256,256,GroundNut_Leaf,47,140,96,164
25.jpg,256,256,GroundNut_Leaf,217,60,252,77
25.jpg,256,256,GroundNut_Leaf,103,118,159,138
26.jpg,256,256,GroundNut_Leaf,104,85,145,132
26.jpg,256,256,GroundNut_Leaf,115,136,164,183
26.jpg,256,256,GroundNut_Leaf,47,139,108,171
26.jpg,256,256,GroundNut_Leaf,52,117,102,136
26.jpg,256,256,GroundNut_Leaf,1,134,36,159
26.jpg,256,256,GroundNut_Leaf,33,228,72,256
26.jpg,256,256,GroundNut_Leaf,97,12,129,61
26.jpg,256,256,GroundNut_Leaf,229,26,256,62
26.jpg,256,256,GroundNut_Leaf,1,214,31,246
27.jpg,256,256,GroundNut_Leaf,52,109,92,165
27.jpg,256,256,GroundNut_Leaf,107,123,179,158
27.jpg,256,256,GroundNut_Leaf,1,98,52,177
27.jpg,256,256,GroundNut_Leaf,1,47,69,86
27.jpg,256,256,GroundNut_Leaf,182,93,220,135
27.jpg,256,256,GroundNut_Leaf,158,228,215,253
27.jpg,256,256,GroundNut_Leaf,179,58,239,72
27.jpg,256,256,GroundNut_Leaf,1,181,56,207
27.jpg,256,256,GroundNut_Leaf,204,9,254,39
27.jpg,256,256,GroundNut_Leaf,138,31,166,82
27.jpg,256,256,GroundNut_Leaf,95,96,178,121
28.jpg,256,256,GroundNut_Leaf,80,187,182,238
28.jpg,256,256,GroundNut_Leaf,106,154,203,184
28.jpg,256,256,GroundNut_Leaf,136,1,202,26
28.jpg,256,256,GroundNut_Leaf,20,3,76,24
29.jpg,256,256,GroundNut_Leaf,146,12,195,82
29.jpg,256,256,GroundNut_Leaf,136,128,174,187
29.jpg,256,256,GroundNut_Leaf,61,127,128,181
29.jpg,256,256,GroundNut_Leaf,107,192,161,223
29.jpg,256,256,GroundNut_Leaf,76,1,131,55
29.jpg,256,256,GroundNut_Leaf,72,65,135,122
29.jpg,256,256,GroundNut_Leaf,107,227,167,253
29.jpg,256,256,GroundNut_Leaf,2,71,34,99
3.jpg,256,256,GroundNut_Leaf,79,42,164,99
3.jpg,256,256,GroundNut_Leaf,1,90,73,149
3.jpg,256,256,GroundNut_Leaf,76,117,125,212
3.jpg,256,256,GroundNut_Leaf,127,146,217,197
3.jpg,256,256,GroundNut_Leaf,231,202,255,233
3.jpg,256,256,GroundNut_Leaf,197,118,234,137
3.jpg,256,256,GroundNut_Leaf,49,181,72,201
3.jpg,256,256,GroundNut_Leaf,229,58,246,91
30.jpg,256,256,GroundNut_Leaf,172,87,235,109
30.jpg,256,256,GroundNut_Leaf,187,114,254,129
30.jpg,256,256,GroundNut_Leaf,145,143,210,194
30.jpg,256,256,GroundNut_Leaf,87,120,140,147
30.jpg,256,256,GroundNut_Leaf,100,45,135,73
30.jpg,256,256,GroundNut_Leaf,137,37,175,67
30.jpg,256,256,GroundNut_Leaf,93,1,157,33
31.jpg,256,256,GroundNut_Leaf,116,77,219,117
31.jpg,256,256,GroundNut_Leaf,1,91,49,137
31.jpg,256,256,GroundNut_Leaf,83,145,120,208
31.jpg,256,256,GroundNut_Leaf,165,197,202,235
31.jpg,256,256,GroundNut_Leaf,12,222,33,247
31.jpg,256,256,GroundNut_Leaf,125,119,197,143
31.jpg,256,256,GroundNut_Leaf,213,145,234,175
31.jpg,256,256,GroundNut_Leaf,14,156,81,179
32.jpg,256,256,GroundNut_Leaf,123,98,235,140
32.jpg,256,256,GroundNut_Leaf,91,169,178,247
32.jpg,256,256,GroundNut_Leaf,36,18,154,57
32.jpg,256,256,GroundNut_Leaf,1,88,34,146
32.jpg,256,256,GroundNut_Leaf,17,59,75,87
32.jpg,256,256,GroundNut_Leaf,172,15,240,44
32.jpg,256,256,GroundNut_Leaf,48,186,86,243
33.jpg,256,256,GroundNut_Leaf,67,160,123,196
33.jpg,256,256,GroundNut_Leaf,1,187,34,229
33.jpg,256,256,GroundNut_Leaf,1,236,39,254
33.jpg,256,256,GroundNut_Leaf,79,121,126,159
33.jpg,256,256,GroundNut_Leaf,176,128,222,151
33.jpg,256,256,GroundNut_Leaf,181,196,211,234
33.jpg,256,256,GroundNut_Leaf,36,94,75,124
33.jpg,256,256,GroundNut_Leaf,128,118,140,158
33.jpg,256,256,GroundNut_Leaf,231,190,255,243
34.jpg,256,256,GroundNut_Leaf,123,80,189,141
34.jpg,256,256,GroundNut_Leaf,90,126,152,191
34.jpg,256,256,GroundNut_Leaf,153,166,181,198
34.jpg,256,256,GroundNut_Leaf,43,191,88,210
34.jpg,256,256,GroundNut_Leaf,12,192,31,218
34.jpg,256,256,GroundNut_Leaf,1,231,25,247
34.jpg,256,256,GroundNut_Leaf,14,20,71,37
34.jpg,256,256,GroundNut_Leaf,208,85,236,107
35.jpg,256,256,GroundNut_Leaf,89,111,207,143
35.jpg,256,256,GroundNut_Leaf,159,150,221,177
35.jpg,256,256,GroundNut_Leaf,1,180,25,220
35.jpg,256,256,GroundNut_Leaf,23,23,58,54
35.jpg,256,256,GroundNut_Leaf,1,146,24,173
35.jpg,256,256,GroundNut_Leaf,101,146,150,201
35.jpg,256,256,GroundNut_Leaf,66,146,100,190
35.jpg,256,256,GroundNut_Leaf,82,85,148,115
35.jpg,256,256,GroundNut_Leaf,119,218,164,237
35.jpg,256,256,GroundNut_Leaf,50,197,84,224
35.jpg,256,256,GroundNut_Leaf,73,33,120,76
35.jpg,256,256,GroundNut_Leaf,1,29,20,65
36.jpg,256,256,GroundNut_Leaf,89,107,164,129
36.jpg,256,256,GroundNut_Leaf,86,131,151,201
36.jpg,256,256,GroundNut_Leaf,175,153,212,186
36.jpg,256,256,GroundNut_Leaf,179,14,208,51
36.jpg,256,256,GroundNut_Leaf,1,27,23,74
36.jpg,256,256,GroundNut_Leaf,52,18,122,68
36.jpg,256,256,GroundNut_Leaf,38,214,72,249
36.jpg,256,256,GroundNut_Leaf,191,227,225,243
36.jpg,256,256,GroundNut_Leaf,211,173,248,223
36.jpg,256,256,GroundNut_Leaf,210,26,251,47
37.jpg,256,256,GroundNut_Leaf,24,131,62,179
37.jpg,256,256,GroundNut_Leaf,53,179,110,204
37.jpg,256,256,GroundNut_Leaf,125,123,190,148
37.jpg,256,256,GroundNut_Leaf,66,135,104,166
37.jpg,256,256,GroundNut_Leaf,175,154,213,170
37.jpg,256,256,GroundNut_Leaf,122,150,169,190
37.jpg,256,256,GroundNut_Leaf,222,66,254,90
37.jpg,256,256,GroundNut_Leaf,1,85,25,104
37.jpg,256,256,GroundNut_Leaf,70,33,87,55
37.jpg,256,256,GroundNut_Leaf,113,49,142,64
37.jpg,256,256,GroundNut_Leaf,55,102,88,124
37.jpg,256,256,GroundNut_Leaf,222,4,255,38
37.jpg,256,256,GroundNut_Leaf,69,1,88,21
37.jpg,256,256,GroundNut_Leaf,181,177,215,197
37.jpg,256,256,GroundNut_Leaf,10,216,46,235
37.jpg,256,256,GroundNut_Leaf,95,82,116,92
38.jpg,256,256,GroundNut_Leaf,84,34,171,84
38.jpg,256,256,GroundNut_Leaf,103,147,170,194
38.jpg,256,256,GroundNut_Leaf,216,168,247,225
38.jpg,256,256,GroundNut_Leaf,1,198,33,242
38.jpg,256,256,GroundNut_Leaf,127,109,164,147
38.jpg,256,256,GroundNut_Leaf,165,113,206,146
38.jpg,256,256,GroundNut_Leaf,169,94,229,113
38.jpg,256,256,GroundNut_Leaf,141,88,168,108
38.jpg,256,256,GroundNut_Leaf,214,31,249,51
38.jpg,256,256,GroundNut_Leaf,43,98,86,116
39.jpg,256,256,GroundNut_Leaf,84,138,124,194
39.jpg,256,256,GroundNut_Leaf,126,134,173,171
39.jpg,256,256,GroundNut_Leaf,117,35,176,80
39.jpg,256,256,GroundNut_Leaf,167,66,192,97
39.jpg,256,256,GroundNut_Leaf,28,121,63,154
39.jpg,256,256,GroundNut_Leaf,11,151,56,167
39.jpg,256,256,GroundNut_Leaf,58,208,82,243
39.jpg,256,256,GroundNut_Leaf,126,210,167,230
39.jpg,256,256,GroundNut_Leaf,88,1,157,21
39.jpg,256,256,GroundNut_Leaf,100,94,164,125
39.jpg,256,256,GroundNut_Leaf,1,133,20,151
39.jpg,256,256,GroundNut_Leaf,33,195,67,218
4.jpg,256,256,GroundNut_Leaf,69,30,119,102
4.jpg,256,256,GroundNut_Leaf,48,115,91,192
4.jpg,256,256,GroundNut_Leaf,91,125,167,172
4.jpg,256,256,GroundNut_Leaf,123,58,181,107
4.jpg,256,256,GroundNut_Leaf,138,182,190,237
4.jpg,256,256,GroundNut_Leaf,57,194,91,228
4.jpg,256,256,GroundNut_Leaf,1,180,43,200
4.jpg,256,256,GroundNut_Leaf,155,22,197,40
4.jpg,256,256,GroundNut_Leaf,5,16,86,32
40.jpg,256,256,GroundNut_Leaf,56,120,146,168
40.jpg,256,256,GroundNut_Leaf,104,178,166,214
40.jpg,256,256,GroundNut_Leaf,10,221,49,256
40.jpg,256,256,GroundNut_Leaf,105,216,157,241
40.jpg,256,256,GroundNut_Leaf,20,134,56,163
40.jpg,256,256,GroundNut_Leaf,180,178,202,204
40.jpg,256,256,GroundNut_Leaf,74,40,95,66
40.jpg,256,256,GroundNut_Leaf,164,87,193,101
40.jpg,256,256,GroundNut_Leaf,165,127,185,149
41.jpg,256,256,GroundNut_Leaf,5,141,120,184
41.jpg,256,256,GroundNut_Leaf,144,143,226,185
41.jpg,256,256,GroundNut_Leaf,47,205,85,254
41.jpg,256,256,GroundNut_Leaf,17,188,57,219
41.jpg,256,256,GroundNut_Leaf,108,81,151,138
41.jpg,256,256,GroundNut_Leaf,20,42,77,90
41.jpg,256,256,GroundNut_Leaf,215,174,251,224
41.jpg,256,256,GroundNut_Leaf,95,194,149,215
42.jpg,256,256,GroundNut_Leaf,77,21,189,91
42.jpg,256,256,GroundNut_Leaf,20,1,76,92
42.jpg,256,256,GroundNut_Leaf,76,116,147,187
42.jpg,256,256,GroundNut_Leaf,157,135,189,187
42.jpg,256,256,GroundNut_Leaf,62,222,103,244
42.jpg,256,256,GroundNut_Leaf,31,193,58,225
42.jpg,256,256,GroundNut_Leaf,36,227,61,250
43.jpg,256,256,GroundNut_Leaf,83,19,128,71
43.jpg,256,256,GroundNut_Leaf,198,213,238,256
43.jpg,256,256,GroundNut_Leaf,100,136,131,199
43.jpg,256,256,GroundNut_Leaf,95,95,169,124
43.jpg,256,256,GroundNut_Leaf,130,27,170,75
43.jpg,256,256,GroundNut_Leaf,19,75,46,113
43.jpg,256,256,GroundNut_Leaf,188,112,215,130
43.jpg,256,256,GroundNut_Leaf,210,171,225,192
43.jpg,256,256,GroundNut_Leaf,1,161,21,188
43.jpg,256,256,GroundNut_Leaf,1,200,18,222
43.jpg,256,256,GroundNut_Leaf,67,201,83,221
43.jpg,256,256,GroundNut_Leaf,149,194,192,235
43.jpg,256,256,GroundNut_Leaf,45,35,75,55
44.jpg,256,256,GroundNut_Leaf,147,160,180,201
44.jpg,256,256,GroundNut_Leaf,109,165,144,206
44.jpg,256,256,GroundNut_Leaf,115,118,150,158
44.jpg,256,256,GroundNut_Leaf,167,90,200,139
44.jpg,256,256,GroundNut_Leaf,63,223,98,254
44.jpg,256,256,GroundNut_Leaf,8,192,28,209
44.jpg,256,256,GroundNut_Leaf,215,97,255,138
44.jpg,256,256,GroundNut_Leaf,78,61,93,83
44.jpg,256,256,GroundNut_Leaf,221,189,255,221
44.jpg,256,256,GroundNut_Leaf,50,104,110,133
44.jpg,256,256,GroundNut_Leaf,26,92,43,108
45.jpg,256,256,GroundNut_Leaf,65,167,126,196
45.jpg,256,256,GroundNut_Leaf,104,130,145,166
45.jpg,256,256,GroundNut_Leaf,1,221,60,252
45.jpg,256,256,GroundNut_Leaf,58,6,87,33
45.jpg,256,256,GroundNut_Leaf,157,31,196,50
45.jpg,256,256,GroundNut_Leaf,209,153,235,178
45.jpg,256,256,GroundNut_Leaf,140,179,177,220
45.jpg,256,256,GroundNut_Leaf,107,110,152,129
45.jpg,256,256,GroundNut_Leaf,4,51,40,83
46.jpg,256,256,GroundNut_Leaf,86,147,136,211
46.jpg,256,256,GroundNut_Leaf,33,123,117,158
46.jpg,256,256,GroundNut_Leaf,139,135,195,184
46.jpg,256,256,GroundNut_Leaf,125,99,179,132
46.jpg,256,256,GroundNut_Leaf,1,87,30,127
46.jpg,256,256,GroundNut_Leaf,122,17,183,53
46.jpg,256,256,GroundNut_Leaf,59,55,117,75
46.jpg,256,256,GroundNut_Leaf,205,56,244,78
46.jpg,256,256,GroundNut_Leaf,222,139,255,183
46.jpg,256,256,GroundNut_Leaf,1,70,49,87
46.jpg,256,256,GroundNut_Leaf,23,12,64,51
46.jpg,256,256,GroundNut_Leaf,175,229,197,256
47.jpg,256,256,GroundNut_Leaf,134,133,189,180
47.jpg,256,256,GroundNut_Leaf,191,83,224,162
47.jpg,256,256,GroundNut_Leaf,200,166,226,204
47.jpg,256,256,GroundNut_Leaf,212,206,254,241
47.jpg,256,256,GroundNut_Leaf,137,212,160,246
47.jpg,256,256,GroundNut_Leaf,107,229,137,256
47.jpg,256,256,GroundNut_Leaf,44,222,72,247
47.jpg,256,256,GroundNut_Leaf,73,213,94,240
47.jpg,256,256,GroundNut_Leaf,3,14,44,49
47.jpg,256,256,GroundNut_Leaf,127,26,164,78
47.jpg,256,256,GroundNut_Leaf,72,16,102,31
47.jpg,256,256,GroundNut_Leaf,140,183,190,211
48.jpg,256,256,GroundNut_Leaf,110,121,146,182
48.jpg,256,256,GroundNut_Leaf,121,99,190,147
48.jpg,256,256,GroundNut_Leaf,25,88,120,118
48.jpg,256,256,GroundNut_Leaf,59,122,108,180
48.jpg,256,256,GroundNut_Leaf,66,187,107,230
48.jpg,256,256,GroundNut_Leaf,98,202,133,241
48.jpg,256,256,GroundNut_Leaf,31,224,66,250
48.jpg,256,256,GroundNut_Leaf,104,1,133,44
48.jpg,256,256,GroundNut_Leaf,37,20,66,54
48.jpg,256,256,GroundNut_Leaf,14,32,36,64
49.jpg,256,256,GroundNut_Leaf,110,92,166,151
49.jpg,256,256,GroundNut_Leaf,85,154,156,196
49.jpg,256,256,GroundNut_Leaf,154,160,199,221
49.jpg,256,256,GroundNut_Leaf,167,209,226,236
49.jpg,256,256,GroundNut_Leaf,172,88,217,148
49.jpg,256,256,GroundNut_Leaf,219,100,253,155
49.jpg,256,256,GroundNut_Leaf,28,189,60,205
49.jpg,256,256,GroundNut_Leaf,150,16,177,33
49.jpg,256,256,GroundNut_Leaf,216,8,234,35
49.jpg,256,256,GroundNut_Leaf,84,38,108,49
49.jpg,256,256,GroundNut_Leaf,26,47,50,64
5.jpg,256,256,GroundNut_Leaf,25,113,148,170
5.jpg,256,256,GroundNut_Leaf,150,116,204,201
5.jpg,256,256,GroundNut_Leaf,1,224,43,250
5.jpg,256,256,GroundNut_Leaf,57,173,116,215
50.jpg,256,256,GroundNut_Leaf,155,142,241,216
50.jpg,256,256,GroundNut_Leaf,159,222,255,253
50.jpg,256,256,GroundNut_Leaf,73,208,115,256
50.jpg,256,256,GroundNut_Leaf,42,222,72,256
50.jpg,256,256,GroundNut_Leaf,37,144,151,190
50.jpg,256,256,GroundNut_Leaf,48,3,77,72
50.jpg,256,256,GroundNut_Leaf,76,22,131,85
50.jpg,256,256,GroundNut_Leaf,45,89,90,140
50.jpg,256,256,GroundNut_Leaf,181,21,218,68
50.jpg,256,256,GroundNut_Leaf,1,58,26,110
50.jpg,256,256,GroundNut_Leaf,1,137,21,204
51.jpg,256,256,GroundNut_Leaf,37,136,77,209
51.jpg,256,256,GroundNut_Leaf,83,132,136,208
51.jpg,256,256,GroundNut_Leaf,212,182,256,221
51.jpg,256,256,GroundNut_Leaf,119,80,163,131
51.jpg,256,256,GroundNut_Leaf,138,138,184,183
51.jpg,256,256,GroundNut_Leaf,91,75,116,131
51.jpg,256,256,GroundNut_Leaf,172,1,198,51
51.jpg,256,256,GroundNut_Leaf,145,48,162,74
52.jpg,256,256,GroundNut_Leaf,66,100,104,161
52.jpg,256,256,GroundNut_Leaf,110,133,173,162
52.jpg,256,256,GroundNut_Leaf,179,32,219,52
52.jpg,256,256,GroundNut_Leaf,123,191,163,223
52.jpg,256,256,GroundNut_Leaf,141,88,173,104
52.jpg,256,256,GroundNut_Leaf,1,86,41,112
52.jpg,256,256,GroundNut_Leaf,103,165,165,184
52.jpg,256,256,GroundNut_Leaf,78,166,100,205
52.jpg,256,256,GroundNut_Leaf,72,47,89,68
52.jpg,256,256,GroundNut_Leaf,191,1,252,30
52.jpg,256,256,GroundNut_Leaf,1,177,21,210
52.jpg,256,256,GroundNut_Leaf,110,113,147,130
53.jpg,256,256,GroundNut_Leaf,108,188,150,208
53.jpg,256,256,GroundNut_Leaf,56,183,102,208
53.jpg,256,256,GroundNut_Leaf,58,231,117,254
53.jpg,256,256,GroundNut_Leaf,37,130,52,173
53.jpg,256,256,GroundNut_Leaf,57,166,98,180
53.jpg,256,256,GroundNut_Leaf,245,74,256,108
53.jpg,256,256,GroundNut_Leaf,53,139,83,152
53.jpg,256,256,GroundNut_Leaf,108,152,141,183
53.jpg,256,256,GroundNut_Leaf,10,107,39,121
53.jpg,256,256,GroundNut_Leaf,33,191,52,227
54.jpg,256,256,GroundNut_Leaf,109,175,145,221
54.jpg,256,256,GroundNut_Leaf,126,124,157,162
54.jpg,256,256,GroundNut_Leaf,148,164,189,198
54.jpg,256,256,GroundNut_Leaf,74,168,105,198
54.jpg,256,256,GroundNut_Leaf,75,154,113,167
54.jpg,256,256,GroundNut_Leaf,62,88,96,106
54.jpg,256,256,GroundNut_Leaf,75,113,124,131
54.jpg,256,256,GroundNut_Leaf,28,140,46,154
54.jpg,256,256,GroundNut_Leaf,150,21,173,34
54.jpg,256,256,GroundNut_Leaf,1,85,30,106
54.jpg,256,256,GroundNut_Leaf,117,39,150,70
54.jpg,256,256,GroundNut_Leaf,225,15,256,48
54.jpg,256,256,GroundNut_Leaf,23,13,47,29
54.jpg,256,256,GroundNut_Leaf,49,228,67,246
54.jpg,256,256,GroundNut_Leaf,196,123,215,149
55.jpg,256,256,GroundNut_Leaf,109,138,150,197
55.jpg,256,256,GroundNut_Leaf,153,124,185,178
55.jpg,256,256,GroundNut_Leaf,1,183,26,211
55.jpg,256,256,GroundNut_Leaf,1,79,45,122
55.jpg,256,256,GroundNut_Leaf,122,70,165,121
55.jpg,256,256,GroundNut_Leaf,49,121,139,134
55.jpg,256,256,GroundNut_Leaf,141,37,172,65
55.jpg,256,256,GroundNut_Leaf,194,59,235,83
55.jpg,256,256,GroundNut_Leaf,214,33,256,55
55.jpg,256,256,GroundNut_Leaf,23,9,66,23
55.jpg,256,256,GroundNut_Leaf,157,9,219,35
55.jpg,256,256,GroundNut_Leaf,103,16,153,40
56.jpg,256,256,GroundNut_Leaf,79,199,105,256
56.jpg,256,256,GroundNut_Leaf,110,112,146,165
56.jpg,256,256,GroundNut_Leaf,88,116,108,175
56.jpg,256,256,GroundNut_Leaf,182,162,202,201
56.jpg,256,256,GroundNut_Leaf,18,10,53,38
56.jpg,256,256,GroundNut_Leaf,146,30,162,80
56.jpg,256,256,GroundNut_Leaf,128,29,144,84
56.jpg,256,256,GroundNut_Leaf,106,90,135,111
56.jpg,256,256,GroundNut_Leaf,233,152,256,186
56.jpg,256,256,GroundNut_Leaf,212,22,229,48
56.jpg,256,256,GroundNut_Leaf,67,113,86,142
56.jpg,256,256,GroundNut_Leaf,94,7,124,46
56.jpg,256,256,GroundNut_Leaf,179,73,205,103
57.jpg,256,256,GroundNut_Leaf,28,178,72,218
57.jpg,256,256,GroundNut_Leaf,134,191,176,213
57.jpg,256,256,GroundNut_Leaf,29,142,57,171
57.jpg,256,256,GroundNut_Leaf,90,61,139,91
57.jpg,256,256,GroundNut_Leaf,115,111,162,140
57.jpg,256,256,GroundNut_Leaf,123,142,170,165
57.jpg,256,256,GroundNut_Leaf,99,144,122,182
57.jpg,256,256,GroundNut_Leaf,172,218,209,255
57.jpg,256,256,GroundNut_Leaf,181,204,233,216
57.jpg,256,256,GroundNut_Leaf,202,8,241,28
57.jpg,256,256,GroundNut_Leaf,27,93,81,137
57.jpg,256,256,GroundNut_Leaf,93,105,112,140
57.jpg,256,256,GroundNut_Leaf,1,215,10,249
57.jpg,256,256,GroundNut_Leaf,43,46,65,68
57.jpg,256,256,GroundNut_Leaf,143,80,184,98
58.jpg,256,256,GroundNut_Leaf,78,137,132,164
58.jpg,256,256,GroundNut_Leaf,7,133,50,160
58.jpg,256,256,GroundNut_Leaf,2,167,36,200
58.jpg,256,256,GroundNut_Leaf,179,199,224,250
58.jpg,256,256,GroundNut_Leaf,143,150,193,183
58.jpg,256,256,GroundNut_Leaf,135,128,182,149
58.jpg,256,256,GroundNut_Leaf,150,64,195,81
58.jpg,256,256,GroundNut_Leaf,60,27,93,44
58.jpg,256,256,GroundNut_Leaf,1,101,34,131
58.jpg,256,256,GroundNut_Leaf,86,102,141,116
58.jpg,256,256,GroundNut_Leaf,219,25,255,56
58.jpg,256,256,GroundNut_Leaf,85,183,109,201
58.jpg,256,256,GroundNut_Leaf,65,179,83,204
58.jpg,256,256,GroundNut_Leaf,45,106,70,128
59.jpg,256,256,GroundNut_Leaf,103,174,134,195
59.jpg,256,256,GroundNut_Leaf,103,157,152,173
59.jpg,256,256,GroundNut_Leaf,89,142,136,157
59.jpg,256,256,GroundNut_Leaf,99,120,141,139
59.jpg,256,256,GroundNut_Leaf,219,214,256,234
59.jpg,256,256,GroundNut_Leaf,38,16,102,58
59.jpg,256,256,GroundNut_Leaf,145,21,168,42
59.jpg,256,256,GroundNut_Leaf,224,54,248,68
59.jpg,256,256,GroundNut_Leaf,190,22,223,42
59.jpg,256,256,GroundNut_Leaf,16,64,40,92
59.jpg,256,256,GroundNut_Leaf,103,60,123,82
6.jpg,256,256,GroundNut_Leaf,96,149,143,205
6.jpg,256,256,GroundNut_Leaf,151,103,234,175
6.jpg,256,256,GroundNut_Leaf,202,68,241,92
6.jpg,256,256,GroundNut_Leaf,1,169,36,233
6.jpg,256,256,GroundNut_Leaf,27,100,135,142
6.jpg,256,256,GroundNut_Leaf,184,53,201,89
6.jpg,256,256,GroundNut_Leaf,2,7,84,47
60.jpg,256,256,GroundNut_Leaf,89,223,144,256
60.jpg,256,256,GroundNut_Leaf,64,124,122,168
60.jpg,256,256,GroundNut_Leaf,38,200,81,224
60.jpg,256,256,GroundNut_Leaf,84,187,136,220
60.jpg,256,256,GroundNut_Leaf,1,138,41,158
60.jpg,256,256,GroundNut_Leaf,33,106,64,136
60.jpg,256,256,GroundNut_Leaf,60,23,89,69
60.jpg,256,256,GroundNut_Leaf,69,110,121,126
60.jpg,256,256,GroundNut_Leaf,157,108,207,141
60.jpg,256,256,GroundNut_Leaf,124,81,160,106
60.jpg,256,256,GroundNut_Leaf,211,58,243,89
60.jpg,256,256,GroundNut_Leaf,177,143,220,166
60.jpg,256,256,GroundNut_Leaf,224,119,254,146
60.jpg,256,256,GroundNut_Leaf,1,104,32,137
60.jpg,256,256,GroundNut_Leaf,185,27,222,51
61.jpg,256,256,GroundNut_Leaf,26,211,74,253
61.jpg,256,256,GroundNut_Leaf,54,133,119,161
61.jpg,256,256,GroundNut_Leaf,92,145,132,194
61.jpg,256,256,GroundNut_Leaf,60,77,104,102
61.jpg,256,256,GroundNut_Leaf,79,210,106,254
61.jpg,256,256,GroundNut_Leaf,111,208,144,241
61.jpg,256,256,GroundNut_Leaf,190,144,227,184
61.jpg,256,256,GroundNut_Leaf,152,192,193,216
61.jpg,256,256,GroundNut_Leaf,157,158,188,187
61.jpg,256,256,GroundNut_Leaf,161,47,174,76
61.jpg,256,256,GroundNut_Leaf,17,77,35,98
61.jpg,256,256,GroundNut_Leaf,123,65,157,87
61.jpg,256,256,GroundNut_Leaf,103,21,136,44
61.jpg,256,256,GroundNut_Leaf,209,185,238,218
61.jpg,256,256,GroundNut_Leaf,200,234,256,255
62.jpg,256,256,GroundNut_Leaf,78,152,130,181
62.jpg,256,256,GroundNut_Leaf,148,165,194,194
62.jpg,256,256,GroundNut_Leaf,109,127,149,161
62.jpg,256,256,GroundNut_Leaf,184,134,216,172
62.jpg,256,256,GroundNut_Leaf,101,95,140,125
62.jpg,256,256,GroundNut_Leaf,226,238,250,256
63.jpg,256,256,GroundNut_Leaf,83,140,145,173
63.jpg,256,256,GroundNut_Leaf,98,92,143,123
63.jpg,256,256,GroundNut_Leaf,147,123,176,168
63.jpg,256,256,GroundNut_Leaf,1,161,31,188
63.jpg,256,256,GroundNut_Leaf,24,123,43,155
63.jpg,256,256,GroundNut_Leaf,159,171,197,221
63.jpg,256,256,GroundNut_Leaf,88,176,145,210
63.jpg,256,256,GroundNut_Leaf,111,240,145,256
63.jpg,256,256,GroundNut_Leaf,66,1,136,21
63.jpg,256,256,GroundNut_Leaf,1,89,24,115
63.jpg,256,256,GroundNut_Leaf,220,87,255,138
63.jpg,256,256,GroundNut_Leaf,205,169,237,202
63.jpg,256,256,GroundNut_Leaf,45,202,68,221
63.jpg,256,256,GroundNut_Leaf,7,26,63,48
63.jpg,256,256,GroundNut_Leaf,15,201,36,219
63.jpg,256,256,GroundNut_Leaf,148,43,196,73
63.jpg,256,256,GroundNut_Leaf,96,40,120,66
63.jpg,256,256,GroundNut_Leaf,69,85,96,121
64.jpg,256,256,GroundNut_Leaf,62,156,145,192
64.jpg,256,256,GroundNut_Leaf,101,76,165,116
64.jpg,256,256,GroundNut_Leaf,24,81,67,99
64.jpg,256,256,GroundNut_Leaf,172,190,194,219
64.jpg,256,256,GroundNut_Leaf,55,205,81,236
64.jpg,256,256,GroundNut_Leaf,12,146,33,174
64.jpg,256,256,GroundNut_Leaf,209,89,255,107
64.jpg,256,256,GroundNut_Leaf,94,142,159,155
64.jpg,256,256,GroundNut_Leaf,179,158,201,184
64.jpg,256,256,GroundNut_Leaf,200,58,223,88
64.jpg,256,256,GroundNut_Leaf,18,128,46,143
64.jpg,256,256,GroundNut_Leaf,178,228,211,250
64.jpg,256,256,GroundNut_Leaf,71,16,102,35
64.jpg,256,256,GroundNut_Leaf,169,113,219,135
64.jpg,256,256,GroundNut_Leaf,240,11,256,69
64.jpg,256,256,GroundNut_Leaf,84,207,112,233
65.jpg,256,256,GroundNut_Leaf,86,165,115,209
65.jpg,256,256,GroundNut_Leaf,104,152,162,170
65.jpg,256,256,GroundNut_Leaf,13,101,83,133
65.jpg,256,256,GroundNut_Leaf,4,135,57,168
65.jpg,256,256,GroundNut_Leaf,106,108,134,135
65.jpg,256,256,GroundNut_Leaf,80,88,124,106
65.jpg,256,256,GroundNut_Leaf,124,65,147,102
65.jpg,256,256,GroundNut_Leaf,220,33,253,61
65.jpg,256,256,GroundNut_Leaf,74,39,106,52
65.jpg,256,256,GroundNut_Leaf,203,225,251,247
65.jpg,256,256,GroundNut_Leaf,21,232,41,256
65.jpg,256,256,GroundNut_Leaf,108,42,132,58
65.jpg,256,256,GroundNut_Leaf,139,105,164,123
66.jpg,256,256,GroundNut_Leaf,67,18,117,58
66.jpg,256,256,GroundNut_Leaf,22,15,64,60
66.jpg,256,256,GroundNut_Leaf,18,91,41,126
66.jpg,256,256,GroundNut_Leaf,84,139,113,167
66.jpg,256,256,GroundNut_Leaf,21,130,44,154
66.jpg,256,256,GroundNut_Leaf,64,204,109,230
66.jpg,256,256,GroundNut_Leaf,163,28,206,56
66.jpg,256,256,GroundNut_Leaf,97,63,138,102
66.jpg,256,256,GroundNut_Leaf,193,110,223,140
66.jpg,256,256,GroundNut_Leaf,40,159,71,189
66.jpg,256,256,GroundNut_Leaf,1,217,21,255
66.jpg,256,256,GroundNut_Leaf,186,68,219,105
66.jpg,256,256,GroundNut_Leaf,140,73,167,136
66.jpg,256,256,GroundNut_Leaf,198,206,219,232
66.jpg,256,256,GroundNut_Leaf,123,163,151,201
66.jpg,256,256,GroundNut_Leaf,233,23,254,56
66.jpg,256,256,GroundNut_Leaf,22,64,42,91
66.jpg,256,256,GroundNut_Leaf,122,144,155,161
67.jpg,256,256,GroundNut_Leaf,128,166,181,226
67.jpg,256,256,GroundNut_Leaf,30,175,105,211
67.jpg,256,256,GroundNut_Leaf,66,214,122,254
67.jpg,256,256,GroundNut_Leaf,134,93,165,133
67.jpg,256,256,GroundNut_Leaf,136,57,186,86
67.jpg,256,256,GroundNut_Leaf,53,87,93,161
67.jpg,256,256,GroundNut_Leaf,52,2,90,38
67.jpg,256,256,GroundNut_Leaf,26,1,50,37
67.jpg,256,256,GroundNut_Leaf,138,23,175,57
67.jpg,256,256,GroundNut_Leaf,213,150,255,166
67.jpg,256,256,GroundNut_Leaf,125,220,205,256
67.jpg,256,256,GroundNut_Leaf,77,131,169,177
67.jpg,256,256,GroundNut_Leaf,78,70,135,90
67.jpg,256,256,GroundNut_Leaf,1,219,48,251
68.jpg,256,256,GroundNut_Leaf,41,101,60,186
68.jpg,256,256,GroundNut_Leaf,61,148,101,188
68.jpg,256,256,GroundNut_Leaf,17,137,40,196
68.jpg,256,256,GroundNut_Leaf,112,95,132,167
68.jpg,256,256,GroundNut_Leaf,28,18,69,48
68.jpg,256,256,GroundNut_Leaf,231,159,246,227
68.jpg,256,256,GroundNut_Leaf,134,71,176,116
68.jpg,256,256,GroundNut_Leaf,63,64,120,94
68.jpg,256,256,GroundNut_Leaf,47,194,84,226
68.jpg,256,256,GroundNut_Leaf,130,194,147,225
68.jpg,256,256,GroundNut_Leaf,148,165,167,192
68.jpg,256,256,GroundNut_Leaf,11,204,44,241
68.jpg,256,256,GroundNut_Leaf,184,12,214,37
68.jpg,256,256,GroundNut_Leaf,185,35,217,58
69.jpg,256,256,GroundNut_Leaf,176,120,210,155
69.jpg,256,256,GroundNut_Leaf,29,89,78,136
69.jpg,256,256,GroundNut_Leaf,121,105,157,131
69.jpg,256,256,GroundNut_Leaf,160,94,200,117
69.jpg,256,256,GroundNut_Leaf,82,201,121,223
69.jpg,256,256,GroundNut_Leaf,52,5,98,55
69.jpg,256,256,GroundNut_Leaf,29,61,82,86
69.jpg,256,256,GroundNut_Leaf,124,144,142,186
69.jpg,256,256,GroundNut_Leaf,161,124,176,180
69.jpg,256,256,GroundNut_Leaf,180,6,217,43
7.jpg,256,256,GroundNut_Leaf,112,130,207,186
7.jpg,256,256,GroundNut_Leaf,112,99,207,127
7.jpg,256,256,GroundNut_Leaf,34,104,91,153
7.jpg,256,256,GroundNut_Leaf,70,156,109,205
7.jpg,256,256,GroundNut_Leaf,146,192,192,244
7.jpg,256,256,GroundNut_Leaf,36,211,70,245
7.jpg,256,256,GroundNut_Leaf,138,20,184,40
7.jpg,256,256,GroundNut_Leaf,226,39,255,82
7.jpg,256,256,GroundNut_Leaf,1,118,27,144
7.jpg,256,256,GroundNut_Leaf,1,94,31,116
7.jpg,256,256,GroundNut_Leaf,103,56,158,80
7.jpg,256,256,GroundNut_Leaf,223,8,256,32
7.jpg,256,256,GroundNut_Leaf,6,157,46,182
70.jpg,256,256,GroundNut_Leaf,22,215,47,254
70.jpg,256,256,GroundNut_Leaf,65,224,100,243
70.jpg,256,256,GroundNut_Leaf,126,148,174,190
70.jpg,256,256,GroundNut_Leaf,43,30,76,49
70.jpg,256,256,GroundNut_Leaf,55,58,77,82
70.jpg,256,256,GroundNut_Leaf,126,106,162,144
70.jpg,256,256,GroundNut_Leaf,76,106,93,143
70.jpg,256,256,GroundNut_Leaf,141,66,169,85
70.jpg,256,256,GroundNut_Leaf,33,1,49,26
71.jpg,256,256,GroundNut_Leaf,143,104,178,166
71.jpg,256,256,GroundNut_Leaf,182,104,228,158
71.jpg,256,256,GroundNut_Leaf,214,63,245,102
71.jpg,256,256,GroundNut_Leaf,35,82,62,134
71.jpg,256,256,GroundNut_Leaf,21,15,41,70
71.jpg,256,256,GroundNut_Leaf,192,12,222,39
71.jpg,256,256,GroundNut_Leaf,129,226,149,249
71.jpg,256,256,GroundNut_Leaf,181,182,196,208
71.jpg,256,256,GroundNut_Leaf,69,221,91,244
72.jpg,256,256,GroundNut_Leaf,46,36,83,67
72.jpg,256,256,GroundNut_Leaf,99,51,131,76
72.jpg,256,256,GroundNut_Leaf,80,126,107,158
72.jpg,256,256,GroundNut_Leaf,147,175,164,225
72.jpg,256,256,GroundNut_Leaf,156,93,201,141
72.jpg,256,256,GroundNut_Leaf,219,207,248,250
72.jpg,256,256,GroundNut_Leaf,213,15,230,54
72.jpg,256,256,GroundNut_Leaf,93,101,114,119
72.jpg,256,256,GroundNut_Leaf,189,2,221,19
72.jpg,256,256,GroundNut_Leaf,156,127,184,187
72.jpg,256,256,GroundNut_Leaf,227,135,251,156
72.jpg,256,256,GroundNut_Leaf,209,92,229,111
73.jpg,256,256,GroundNut_Leaf,147,78,177,111
73.jpg,256,256,GroundNut_Leaf,23,115,44,156
73.jpg,256,256,GroundNut_Leaf,14,202,45,256
73.jpg,256,256,GroundNut_Leaf,186,56,216,82
73.jpg,256,256,GroundNut_Leaf,73,75,94,119
73.jpg,256,256,GroundNut_Leaf,130,210,145,240
73.jpg,256,256,GroundNut_Leaf,107,150,116,185
73.jpg,256,256,GroundNut_Leaf,219,59,235,103
73.jpg,256,256,GroundNut_Leaf,41,168,58,182
74.jpg,256,256,GroundNut_Leaf,125,139,199,187
74.jpg,256,256,GroundNut_Leaf,124,81,186,137
74.jpg,256,256,GroundNut_Leaf,60,153,107,196
74.jpg,256,256,GroundNut_Leaf,70,112,108,152
74.jpg,256,256,GroundNut_Leaf,34,109,68,145
74.jpg,256,256,GroundNut_Leaf,6,84,40,108
74.jpg,256,256,GroundNut_Leaf,25,23,43,73
74.jpg,256,256,GroundNut_Leaf,234,61,256,162
74.jpg,256,256,GroundNut_Leaf,98,221,162,254
74.jpg,256,256,GroundNut_Leaf,2,220,20,254
74.jpg,256,256,GroundNut_Leaf,71,68,96,111
75.jpg,256,256,GroundNut_Leaf,124,149,157,216
75.jpg,256,256,GroundNut_Leaf,122,125,204,149
75.jpg,256,256,GroundNut_Leaf,69,151,121,205
75.jpg,256,256,GroundNut_Leaf,95,105,117,134
75.jpg,256,256,GroundNut_Leaf,212,75,233,101
75.jpg,256,256,GroundNut_Leaf,217,61,245,75
75.jpg,256,256,GroundNut_Leaf,197,49,222,74
75.jpg,256,256,GroundNut_Leaf,65,96,107,115
75.jpg,256,256,GroundNut_Leaf,183,12,211,42
75.jpg,256,256,GroundNut_Leaf,146,28,181,47
75.jpg,256,256,GroundNut_Leaf,53,130,78,142
75.jpg,256,256,GroundNut_Leaf,117,226,141,249
75.jpg,256,256,GroundNut_Leaf,29,29,56,70
76.jpg,256,256,GroundNut_Leaf,87,67,138,86
76.jpg,256,256,GroundNut_Leaf,67,89,127,111
76.jpg,256,256,GroundNut_Leaf,150,133,180,172
76.jpg,256,256,GroundNut_Leaf,182,131,226,167
76.jpg,256,256,GroundNut_Leaf,177,108,224,129
76.jpg,256,256,GroundNut_Leaf,60,141,129,198
76.jpg,256,256,GroundNut_Leaf,51,116,129,137
76.jpg,256,256,GroundNut_Leaf,124,12,150,58
76.jpg,256,256,GroundNut_Leaf,215,61,247,87
76.jpg,256,256,GroundNut_Leaf,1,128,26,165
76.jpg,256,256,GroundNut_Leaf,119,199,151,222
76.jpg,256,256,GroundNut_Leaf,205,30,227,75
76.jpg,256,256,GroundNut_Leaf,130,110,166,130
76.jpg,256,256,GroundNut_Leaf,26,168,55,194
76.jpg,256,256,GroundNut_Leaf,1,237,39,255
77.jpg,256,256,GroundNut_Leaf,7,175,36,202
77.jpg,256,256,GroundNut_Leaf,49,126,142,186
77.jpg,256,256,GroundNut_Leaf,156,119,184,179
77.jpg,256,256,GroundNut_Leaf,14,55,64,95
77.jpg,256,256,GroundNut_Leaf,20,97,83,110
77.jpg,256,256,GroundNut_Leaf,146,68,170,93
77.jpg,256,256,GroundNut_Leaf,19,161,48,174
77.jpg,256,256,GroundNut_Leaf,160,241,193,255
77.jpg,256,256,GroundNut_Leaf,212,23,239,49
77.jpg,256,256,GroundNut_Leaf,84,59,103,78
77.jpg,256,256,GroundNut_Leaf,140,193,172,210
78.jpg,256,256,GroundNut_Leaf,143,123,200,155
78.jpg,256,256,GroundNut_Leaf,98,116,131,154
78.jpg,256,256,GroundNut_Leaf,177,182,205,216
78.jpg,256,256,GroundNut_Leaf,150,195,176,222
78.jpg,256,256,GroundNut_Leaf,185,220,232,238
78.jpg,256,256,GroundNut_Leaf,47,206,82,228
78.jpg,256,256,GroundNut_Leaf,1,225,45,252
78.jpg,256,256,GroundNut_Leaf,49,140,88,170
78.jpg,256,256,GroundNut_Leaf,224,86,242,104
79.jpg,256,256,GroundNut_Leaf,117,173,178,209
79.jpg,256,256,GroundNut_Leaf,114,152,184,171
79.jpg,256,256,GroundNut_Leaf,67,171,103,206
79.jpg,256,256,GroundNut_Leaf,36,190,65,211
79.jpg,256,256,GroundNut_Leaf,202,139,236,174
79.jpg,256,256,GroundNut_Leaf,186,177,239,193
79.jpg,256,256,GroundNut_Leaf,53,100,83,126
79.jpg,256,256,GroundNut_Leaf,95,121,117,170
8.jpg,256,256,GroundNut_Leaf,55,101,199,146
8.jpg,256,256,GroundNut_Leaf,90,32,123,87
8.jpg,256,256,GroundNut_Leaf,126,21,174,78
8.jpg,256,256,GroundNut_Leaf,176,35,219,98
8.jpg,256,256,GroundNut_Leaf,202,133,227,157
8.jpg,256,256,GroundNut_Leaf,134,161,207,218
8.jpg,256,256,GroundNut_Leaf,229,138,251,158
80.jpg,256,256,GroundNut_Leaf,99,145,142,186
80.jpg,256,256,GroundNut_Leaf,81,146,98,196
80.jpg,256,256,GroundNut_Leaf,112,31,162,50
80.jpg,256,256,GroundNut_Leaf,75,101,103,118
80.jpg,256,256,GroundNut_Leaf,97,124,145,140
80.jpg,256,256,GroundNut_Leaf,14,171,34,190
80.jpg,256,256,GroundNut_Leaf,228,19,256,36
80.jpg,256,256,GroundNut_Leaf,175,220,201,230
80.jpg,256,256,GroundNut_Leaf,219,110,253,124
80.jpg,256,256,GroundNut_Leaf,116,1,158,30
80.jpg,256,256,GroundNut_Leaf,24,101,36,119
80.jpg,256,256,GroundNut_Leaf,192,167,212,187
80.jpg,256,256,GroundNut_Leaf,10,226,27,243
80.jpg,256,256,GroundNut_Leaf,164,144,189,158
80.jpg,256,256,GroundNut_Leaf,88,78,117,98
80.jpg,256,256,GroundNut_Leaf,92,1,114,28
81.jpg,256,256,GroundNut_Leaf,208,44,244,79
81.jpg,256,256,GroundNut_Leaf,93,156,126,208
81.jpg,256,256,GroundNut_Leaf,143,167,187,184
81.jpg,256,256,GroundNut_Leaf,127,184,152,215
81.jpg,256,256,GroundNut_Leaf,104,116,137,146
81.jpg,256,256,GroundNut_Leaf,199,95,240,117
81.jpg,256,256,GroundNut_Leaf,208,80,256,94
81.jpg,256,256,GroundNut_Leaf,127,144,165,168
81.jpg,256,256,GroundNut_Leaf,52,141,90,164
81.jpg,256,256,GroundNut_Leaf,226,187,239,213
81.jpg,256,256,GroundNut_Leaf,222,7,233,31
82.jpg,256,256,GroundNut_Leaf,23,150,112,188
82.jpg,256,256,GroundNut_Leaf,132,104,172,161
82.jpg,256,256,GroundNut_Leaf,103,167,148,219
82.jpg,256,256,GroundNut_Leaf,207,93,239,123
82.jpg,256,256,GroundNut_Leaf,60,115,79,144
82.jpg,256,256,GroundNut_Leaf,171,33,214,57
82.jpg,256,256,GroundNut_Leaf,214,8,234,42
82.jpg,256,256,GroundNut_Leaf,15,225,37,255
82.jpg,256,256,GroundNut_Leaf,11,201,39,218
82.jpg,256,256,GroundNut_Leaf,82,77,108,98
83.jpg,256,256,GroundNut_Leaf,1,185,64,208
83.jpg,256,256,GroundNut_Leaf,133,164,177,220
83.jpg,256,256,GroundNut_Leaf,88,143,131,178
83.jpg,256,256,GroundNut_Leaf,57,45,91,82
83.jpg,256,256,GroundNut_Leaf,179,23,199,68
83.jpg,256,256,GroundNut_Leaf,39,118,105,137
83.jpg,256,256,GroundNut_Leaf,204,177,241,208
83.jpg,256,256,GroundNut_Leaf,52,144,88,187
83.jpg,256,256,GroundNut_Leaf,1,126,30,144
83.jpg,256,256,GroundNut_Leaf,127,111,172,142
83.jpg,256,256,GroundNut_Leaf,211,135,244,175
83.jpg,256,256,GroundNut_Leaf,144,26,165,60
83.jpg,256,256,GroundNut_Leaf,201,35,230,61
83.jpg,256,256,GroundNut_Leaf,22,209,62,246
83.jpg,256,256,GroundNut_Leaf,77,189,102,218
84.jpg,256,256,GroundNut_Leaf,87,151,133,229
84.jpg,256,256,GroundNut_Leaf,144,58,180,102
84.jpg,256,256,GroundNut_Leaf,210,221,252,239
84.jpg,256,256,GroundNut_Leaf,148,169,189,190
84.jpg,256,256,GroundNut_Leaf,4,135,81,165
84.jpg,256,256,GroundNut_Leaf,84,88,130,136
84.jpg,256,256,GroundNut_Leaf,203,57,230,100
84.jpg,256,256,GroundNut_Leaf,5,171,41,190
84.jpg,256,256,GroundNut_Leaf,44,174,83,193
84.jpg,256,256,GroundNut_Leaf,157,110,181,132
85.jpg,256,256,GroundNut_Leaf,63,111,90,169
85.jpg,256,256,GroundNut_Leaf,19,88,51,113
85.jpg,256,256,GroundNut_Leaf,29,50,56,88
85.jpg,256,256,GroundNut_Leaf,73,66,123,90
85.jpg,256,256,GroundNut_Leaf,84,33,123,61
85.jpg,256,256,GroundNut_Leaf,84,1,130,32
85.jpg,256,256,GroundNut_Leaf,137,11,157,52
85.jpg,256,256,GroundNut_Leaf,207,125,236,151
85.jpg,256,256,GroundNut_Leaf,130,57,145,88
85.jpg,256,256,GroundNut_Leaf,92,111,126,150
85.jpg,256,256,GroundNut_Leaf,241,197,256,227
85.jpg,256,256,GroundNut_Leaf,71,193,95,220
86.jpg,256,256,GroundNut_Leaf,57,1,85,54
86.jpg,256,256,GroundNut_Leaf,49,57,83,89
86.jpg,256,256,GroundNut_Leaf,86,76,146,128
86.jpg,256,256,GroundNut_Leaf,73,130,141,165
86.jpg,256,256,GroundNut_Leaf,62,174,74,206
86.jpg,256,256,GroundNut_Leaf,46,139,68,170
86.jpg,256,256,GroundNut_Leaf,88,16,124,50
86.jpg,256,256,GroundNut_Leaf,89,52,119,73
86.jpg,256,256,GroundNut_Leaf,38,172,59,197
86.jpg,256,256,GroundNut_Leaf,147,145,161,176
86.jpg,256,256,GroundNut_Leaf,80,217,103,253
86.jpg,256,256,GroundNut_Leaf,55,218,79,249
86.jpg,256,256,GroundNut_Leaf,209,70,233,88
86.jpg,256,256,GroundNut_Leaf,26,141,41,160
86.jpg,256,256,GroundNut_Leaf,165,79,176,109
87.jpg,256,256,GroundNut_Leaf,86,121,131,165
87.jpg,256,256,GroundNut_Leaf,22,168,87,221
87.jpg,256,256,GroundNut_Leaf,1,132,68,161
87.jpg,256,256,GroundNut_Leaf,91,90,136,119
87.jpg,256,256,GroundNut_Leaf,137,180,212,211
87.jpg,256,256,GroundNut_Leaf,144,219,234,249
87.jpg,256,256,GroundNut_Leaf,220,144,255,197
87.jpg,256,256,GroundNut_Leaf,13,21,41,62
87.jpg,256,256,GroundNut_Leaf,110,33,131,49
87.jpg,256,256,GroundNut_Leaf,60,37,88,55
87.jpg,256,256,GroundNut_Leaf,43,4,76,33
87.jpg,256,256,GroundNut_Leaf,164,45,210,77
87.jpg,256,256,GroundNut_Leaf,112,60,127,89
88.jpg,256,256,GroundNut_Leaf,111,144,150,178
88.jpg,256,256,GroundNut_Leaf,77,159,105,197
88.jpg,256,256,GroundNut_Leaf,28,142,97,160
88.jpg,256,256,GroundNut_Leaf,25,99,59,127
88.jpg,256,256,GroundNut_Leaf,76,107,110,140
88.jpg,256,256,GroundNut_Leaf,74,7,107,38
88.jpg,256,256,GroundNut_Leaf,168,69,218,106
89.jpg,256,256,GroundNut_Leaf,105,145,168,171
89.jpg,256,256,GroundNut_Leaf,124,177,178,203
89.jpg,256,256,GroundNut_Leaf,109,183,124,235
89.jpg,256,256,GroundNut_Leaf,86,14,103,56
89.jpg,256,256,GroundNut_Leaf,107,23,135,54
89.jpg,256,256,GroundNut_Leaf,59,12,85,44
89.jpg,256,256,GroundNut_Leaf,108,63,136,90
89.jpg,256,256,GroundNut_Leaf,91,100,122,132
89.jpg,256,256,GroundNut_Leaf,74,97,90,137
89.jpg,256,256,GroundNut_Leaf,1,124,34,150
89.jpg,256,256,GroundNut_Leaf,50,159,97,196
89.jpg,256,256,GroundNut_Leaf,210,73,236,88
89.jpg,256,256,GroundNut_Leaf,176,66,207,82
89.jpg,256,256,GroundNut_Leaf,1,75,28,106
89.jpg,256,256,GroundNut_Leaf,209,1,249,19
9.jpg,256,256,GroundNut_Leaf,88,156,191,240
9.jpg,256,256,GroundNut_Leaf,31,156,82,251
9.jpg,256,256,GroundNut_Leaf,214,87,249,142
9.jpg,256,256,GroundNut_Leaf,129,2,148,32
9.jpg,256,256,GroundNut_Leaf,147,79,206,112
9.jpg,256,256,GroundNut_Leaf,164,115,197,142
9.jpg,256,256,GroundNut_Leaf,88,128,161,155
90.jpg,256,256,GroundNut_Leaf,29,146,88,180
90.jpg,256,256,GroundNut_Leaf,116,159,152,208
90.jpg,256,256,GroundNut_Leaf,154,157,191,190
90.jpg,256,256,GroundNut_Leaf,43,74,92,111
90.jpg,256,256,GroundNut_Leaf,141,87,203,105
90.jpg,256,256,GroundNut_Leaf,197,2,238,30
90.jpg,256,256,GroundNut_Leaf,44,25,64,49
90.jpg,256,256,GroundNut_Leaf,205,85,248,108
90.jpg,256,256,GroundNut_Leaf,5,77,41,113
90.jpg,256,256,GroundNut_Leaf,167,227,207,250
90.jpg,256,256,GroundNut_Leaf,70,187,90,197
91.jpg,256,256,GroundNut_Leaf,127,185,150,209
91.jpg,256,256,GroundNut_Leaf,67,140,112,161
91.jpg,256,256,GroundNut_Leaf,143,104,191,125
91.jpg,256,256,GroundNut_Leaf,45,63,70,99
91.jpg,256,256,GroundNut_Leaf,126,158,173,185
91.jpg,256,256,GroundNut_Leaf,70,8,100,43
91.jpg,256,256,GroundNut_Leaf,199,84,235,117
91.jpg,256,256,GroundNut_Leaf,1,62,24,89
91.jpg,256,256,GroundNut_Leaf,138,87,173,103
91.jpg,256,256,GroundNut_Leaf,160,2,186,25
91.jpg,256,256,GroundNut_Leaf,200,32,241,58
91.jpg,256,256,GroundNut_Leaf,101,35,131,57
91.jpg,256,256,GroundNut_Leaf,72,72,91,102
91.jpg,256,256,GroundNut_Leaf,118,133,169,151
92.jpg,256,256,GroundNut_Leaf,1,183,48,211
92.jpg,256,256,GroundNut_Leaf,1,216,38,235
92.jpg,256,256,GroundNut_Leaf,50,154,106,196
92.jpg,256,256,GroundNut_Leaf,111,160,157,212
92.jpg,256,256,GroundNut_Leaf,1,135,25,160
92.jpg,256,256,GroundNut_Leaf,1,159,40,180
92.jpg,256,256,GroundNut_Leaf,87,121,114,147
92.jpg,256,256,GroundNut_Leaf,215,182,256,212
92.jpg,256,256,GroundNut_Leaf,115,102,172,119
92.jpg,256,256,GroundNut_Leaf,112,46,141,74
92.jpg,256,256,GroundNut_Leaf,219,21,253,59
92.jpg,256,256,GroundNut_Leaf,150,13,182,53
92.jpg,256,256,GroundNut_Leaf,74,90,112,124
92.jpg,256,256,GroundNut_Leaf,189,23,205,47
92.jpg,256,256,GroundNut_Leaf,127,123,167,149
93.jpg,256,256,GroundNut_Leaf,71,146,137,179
93.jpg,256,256,GroundNut_Leaf,112,118,151,146
93.jpg,256,256,GroundNut_Leaf,152,149,196,183
93.jpg,256,256,GroundNut_Leaf,186,207,203,226
93.jpg,256,256,GroundNut_Leaf,149,16,181,68
93.jpg,256,256,GroundNut_Leaf,225,61,250,93
94.jpg,256,256,GroundNut_Leaf,26,74,49,113
94.jpg,256,256,GroundNut_Leaf,51,95,96,116
94.jpg,256,256,GroundNut_Leaf,7,181,40,231
94.jpg,256,256,GroundNut_Leaf,81,154,119,215
94.jpg,256,256,GroundNut_Leaf,220,99,256,129
94.jpg,256,256,GroundNut_Leaf,215,56,255,73
94.jpg,256,256,GroundNut_Leaf,25,40,68,70
94.jpg,256,256,GroundNut_Leaf,46,121,73,151
94.jpg,256,256,GroundNut_Leaf,1,129,19,163
94.jpg,256,256,GroundNut_Leaf,190,111,214,139
95.jpg,256,256,GroundNut_Leaf,177,26,199,61
95.jpg,256,256,GroundNut_Leaf,129,40,150,73
95.jpg,256,256,GroundNut_Leaf,65,82,115,108
95.jpg,256,256,GroundNut_Leaf,111,104,149,137
95.jpg,256,256,GroundNut_Leaf,37,170,78,210
95.jpg,256,256,GroundNut_Leaf,80,175,114,215
95.jpg,256,256,GroundNut_Leaf,170,225,253,254
95.jpg,256,256,GroundNut_Leaf,129,186,157,230
95.jpg,256,256,GroundNut_Leaf,119,139,161,170
95.jpg,256,256,GroundNut_Leaf,105,148,138,198
95.jpg,256,256,GroundNut_Leaf,190,112,211,138
96.jpg,256,256,GroundNut_Leaf,67,134,99,173
96.jpg,256,256,GroundNut_Leaf,101,133,138,171
96.jpg,256,256,GroundNut_Leaf,46,67,89,98
96.jpg,256,256,GroundNut_Leaf,191,188,232,228
96.jpg,256,256,GroundNut_Leaf,38,37,71,65
96.jpg,256,256,GroundNut_Leaf,73,40,93,66
96.jpg,256,256,GroundNut_Leaf,92,64,115,96
96.jpg,256,256,GroundNut_Leaf,186,54,226,86
96.jpg,256,256,GroundNut_Leaf,8,108,51,146
96.jpg,256,256,GroundNut_Leaf,154,27,170,48
96.jpg,256,256,GroundNut_Leaf,184,105,205,124
96.jpg,256,256,GroundNut_Leaf,227,124,256,153
97.jpg,256,256,GroundNut_Leaf,72,159,139,248
97.jpg,256,256,GroundNut_Leaf,33,133,81,161
97.jpg,256,256,GroundNut_Leaf,84,116,166,151
97.jpg,256,256,GroundNut_Leaf,29,93,78,118
97.jpg,256,256,GroundNut_Leaf,78,96,126,116
97.jpg,256,256,GroundNut_Leaf,84,76,119,94
97.jpg,256,256,GroundNut_Leaf,150,224,167,244
98.jpg,256,256,GroundNut_Leaf,62,109,136,137
98.jpg,256,256,GroundNut_Leaf,111,130,150,204
98.jpg,256,256,GroundNut_Leaf,153,135,180,217
98.jpg,256,256,GroundNut_Leaf,98,1,119,56
98.jpg,256,256,GroundNut_Leaf,53,1,97,52
98.jpg,256,256,GroundNut_Leaf,18,69,36,90
98.jpg,256,256,GroundNut_Leaf,185,23,202,53
98.jpg,256,256,GroundNut_Leaf,219,162,234,197
98.jpg,256,256,GroundNut_Leaf,220,201,239,240
98.jpg,256,256,GroundNut_Leaf,55,142,91,161
98.jpg,256,256,GroundNut_Leaf,224,102,236,148
98.jpg,256,256,GroundNut_Leaf,148,108,209,150
98.jpg,256,256,GroundNut_Leaf,157,83,185,93
99.jpg,256,256,GroundNut_Leaf,109,128,160,188
99.jpg,256,256,GroundNut_Leaf,83,152,109,183
99.jpg,256,256,GroundNut_Leaf,51,92,77,111
99.jpg,256,256,GroundNut_Leaf,18,133,51,149
99.jpg,256,256,GroundNut_Leaf,54,115,92,143
99.jpg,256,256,GroundNut_Leaf,11,27,34,63
99.jpg,256,256,GroundNut_Leaf,102,61,136,96
99.jpg,256,256,GroundNut_Leaf,182,63,215,99
99.jpg,256,256,GroundNut_Leaf,217,95,255,130
99.jpg,256,256,GroundNut_Leaf,126,23,153,47
99.jpg,256,256,GroundNut_Leaf,30,158,50,182
99.jpg,256,256,GroundNut_Leaf,7,223,34,251
99.jpg,256,256,GroundNut_Leaf,54,206,77,221
99.jpg,256,256,GroundNut_Leaf,172,106,205,128
